0,7 Miles A Second,1,Autobiography,5/1/96,7 Miles A Second.jpg,English,0,search.proquest.com,colour,0,0,0,978-1-60699-614-0,7_Miles_A_Second,4.01,382,7 Miles A Second,0,0.5,0.5,,Paderborn
1,A Contract With God,31,,1/1/78,A Contract with God.png,English,0,rollingstone.com,--> black&white,0,0,0,978-0-393-32804-2,A_Contract_With_God,4.07,9146,A Contract With God,0,,1,,Paderborn
2,A Drifting Life,8,,11/20/08,A Drifting LIfe.jpg,Japanese,0,101 Outstanding Graphic Novels by Stephen Weiner ,--> black&white,0,0,0,978-1-897299-74-6,A_Drifting_Life,4,2404,Gekiga Hy\u014dry\u016b,0,1,,,Bielefeld
3,A Small Killing,5,,10/3/91,A Small Killing.JPG,English,0,Amazon.com bestselling graphic novels,colour,0,0,0,1-59291-009-0,A_Small_Killing,3.400000095,731,A Small Killing,0,,1,,Bielefeld
4,Tale of Sand,0,,12/14/11,Tale of Sand.jpg,English,0,en.wikipedia.org/wiki/List_of_Harvey_Award_winners#Best_Graphic_Album,colour,0,0,0,978-1-936393-09-1,Tale_of_Sand,3.78,2386,Tale of Sand,1,,1,,Bielefeld
5,Absolute Justice,0,,11/17/09,Absolute Justice.jpg,English,1,Amazon.com bestselling graphic novels,colour,1,0,0,978-1-4012-3526-0,Absolute_Justice,4.17,1228,Absolute Justice,0,,1,,Paderborn
6,Age of Ultron\u000d,0,,9/17/13,Age of Ultron.jpg,English,1,amazon.com,colour,1,0,0,978-0-7851-5566-9,,3.65,507,Age of Ultron,0,,5,0.5,Paderborn
7,"Akira, Vol. 1",38,,1/1/90,Akira. Vol.1.jpg,Japanese,1,101 Outstanding Graphic Novels by Stephen Weiner ,monochrome,0,1,0,978-1-935-42900-5,Akira_Vol_1,4.36,18304,"Akira, Vol. 1",0,,0.5,0.5,Bielefeld
8,American Born Chinese,23,,9/1/06,American Born Chinese.jpg,English,0,search.proquest.com,colour,0,0,0,978-1-59643-152-2,American_Born_Chinese,3.88,55360,American Born Chinese,0,,1,,Bielefeld
10,American Widow,8,,9/2/08,American Widow.jpg,English,0,search.proquest.com,colour,0,0,0,978-0-345-50069-4,American_Widow,3.31,966,American Widow,0,,1,,Bielefeld
11,Asterios Polyp,8,,7/7/09,Asterios Polyp.jpg,English,0,101 Outstanding Graphic Novels by Stephen Weiner ,colour,0,0,0,978-0-307-37732-6,Asterios_Polyp,4.19,21176,Asterios Polyp,0,0.5,0.5,,Paderborn
13,Barefoot Gen. Vol.1. Cartoon Story of Hiroshima,22,,9/30/86,Barefoot. Vol. 1. A Cartoon Story of Hiroshima.jpg,Japanese,1,101 Outstanding Graphic Novels by Stephen Weiner ,--> black&white,0,1,0,978-0-86719-602-3,Barefoot_Vol1_Cartoon_Story_of_Hiroshima,4.21,5283,Hadashi no Gen,0,1,,,Bielefeld
15,Batman: Dark Victory,1,,11/30/01,Batman. Dark Victory.jpg,English,1,Amazon.com bestselling graphic novels,colour,1,0,0,978-1-4012-4401-9,Batman_Dark_Victory,4.12,24211,Batman: Dark Victory,0,,1,,Bielefeld
16,Batman: The Dark Knight Returns,3,,2/1/86,Batman. The Dark Knight Returns.jpg,English,1,search.proquest.com,colour,1,0,0,978-1-56389-342-1,Batman_The_Dark_Knight_Returns,4.25,147454,Batman: The Dark Knight Returns,0,,1,,Paderborn
18,Batman: The Long Halloween,3,,11/30/97,Batman. The Long Halloween.jpg,English,1,amazon.com,colour,1,0,0,978-1-4012-3259-7,Batman_The_Long_Halloween,4.3,63584,Batman: The Long Halloween,0,,1,,Bielefeld
19,Batman: Year One,8,,1/1/88,Batman. Year One.jpg,English,1,amazon.com,colour,1,0,0,978-1-4012-0752-6,Batman_Year_One,4.22,170768,Batman: Year One,0,,1,,Bielefeld
20,Beasts of Burden: Animal Rites,0,,6/27/06,Beasts of Burden. Animal Rites.jpg,English,1,101 Outstanding Graphic Novels by Stephen Weiner ,colour,1,1,0,978-1-59582-513-1,Beasts_of_Burden_Animal_Rites,4.15,3512,Beasts of Burden: Animal Rites,0,,1,,Bielefeld
21,Beowulf,11,,10/1/07,Beowulf.jpg,English,0,Eisner Award Winners ,monochrome,0,0,0,978-1-905692-25-5,Beowulf,3.27,48,Beowulf,1,1,,,Bielefeld
22,"Berlin, Vol. 2: City of Smoke",0,,9/16/08,Berlin. City of Smoke. Book Two.jpg,English,1,rollingstone.com,monochrome,1,1,0,978-1-897299-53-1,Berlin_Vol_2_City_of_Smoke,4.08,1853,"Berlin, Vol. 2: City of Smoke",0,1,,,Bielefeld
23,"Berlin, Vol.1: City of Stones",2,,2/1/00,Berlin. City of Stones. Book One.jpg,English,1,search.proquest.com,monochrome,1,1,0,978-1-896597-29-4,Berlin_Vol1_City_of_Stones,3.93,4475,"Berlin, Vol.1: City of Stones",0,1,,,Bielefeld
24,Black Hole,15,,1/12/05,Black Hole.jpg,English,1,JSTOR,--> black&white,1,0,0,0-224-07778-3,Black_Hole,3.83,36456,Black Hole,0,1,,,Paderborn
25,"Buddha, Vol. 1: Kapilavastu",3,,1/1/03,"Buddha, Vol. 1. Kapilavastu.jpg",Japanese,1,101 Outstanding Graphic Novels by Stephen Weiner,monochrome,1,1,0,978-1-93-223-4565,Buddha_Vol_1_Kapilavastu,4.14,6092,"Buddha, Vol. 1: Kapilavastu",0,1,,,Bielefeld
26,Building Stories\u000d,27,,10/2/12,Building Stories.jpg,English,0,JSTOR,colour,0,0,0,978-0375424335,,4.29,5690,Building Stories,0,1.299999952,1.299999952,1.299999952,unbekannt
27,Cages,8,,2/1/98,Cages.jpg,English,1,search.proquest.com,colour,1,0,0,978-1-59582-316-8,Cages,4.13,2237,Cages,0,,1,,Bielefeld
28,Cairo,6,,11/7/07,Cairo.jpg,English,0,search.proquest.com,monochrome,0,0,0,978-1-4012-1734-1,Cairo,3.78,1951,Cairo,0,,1,,Bielefeld
29,Can't We Talk about Something More Pleasant?: A Memoir,0,,5/6/14,Can\u00b4t We Talk About Something More Pleasant. A Memoir.jpg,English,0,amazon.com,colour,0,0,0,978-1-60819-806-1,Cant_We_Talk_about_Something_More_Pleasant_A_Memoir,4.11,21183,Can't We Talk about Something More Pleasant?: A Memoir,0,,1,,Bielefeld
30,Cancer Vixen: A True Story,3,,9/26/06,Cancer Vixen. A True Story.jpg,English,0,search.proquest.com,colour,0,0,0,978-0-375-71474-0,Cancer_Vixen_A_True_Story,3.73,1266,Cancer Vixen: A True Story,0,,1,,Bielefeld
31,Carnet De Voyage ,5,,8/3/04,Carnet de Voyage (Travel Journal).jpg,English,0,search.proquest.com,--> black&white,0,0,0,978-1-891830-60-0,Carnet_De_Voyage,3.74,4184,Carnet De Voyage ,0,,1,,Bielefeld
32,Castle Waiting Vol. 2: The Definitive Edition,2,,12/6/10,Castle Waiting. Vol. 2. The Definitive Edition.jpg,English,1,101 Outstanding Graphic Novels by Stephen Weiner ,monochrome,0,1,0,978-1-60699-633-1,Castle_Waiting_Vol2_The_Definitive_Edition,4.17,2196,Castle Waiting Vol. 2: The Definitive Edition,0,1,,,Bielefeld
34,City of Glass: The Graphic Novel,7,,1/1/94,City of Glass.jpg,English,0,search.proquest.com,--> black&white,0,0,0,978-0-571-22633-7,City of Glass,3.92,4856,City of Glass: The Graphic Novel,1,,1,,
35,City of Clowns,0,,11/3/15,City of Clowns.jpg,Spanish,0,search.proquest.com,--> black&white,0,0,0,978-1-59463-333-1,,3.64,417,Ciudad de payasos,0,,1,,Paderborn
36,Civil War,37,,11/26/08,Civil War.jpg,English,1,amazon.com,colour,1,0,0,978-0-7851-2179-4,Civil_War,4.05,28329,Civil War,0,,1,,Paderborn
37,Complete Multiple Warheads TP,0,,1/8/14,Complete Multiple Warheads TP.jpg,English,1,rollingstone.com,colour,1,0,0,978-1-60706-840-2,,3.86,322,Complete Multiple Warheads TP,0,,0.5,0.5,Paderborn
38,Corridor: A Graphic Novel,4,,3/4/04,Corridor. A Graphic Novel.jpg,English,0,search.proquest.com,--> black&white,0,0,0,978-0-143-03138-3,,3.3,442,Corridor: A Graphic Novel,0,,1,,Bielefeld
40,Daredevil: Born Again,1,,11/26/01,Daredevil. Born Again.jpg,English,1,101 Outstanding Graphic Novels by Stephen Weiner ,colour,1,0,0,978-0-7851-3481-7,Daredevil_Born_Again,4.32,9135,Daredevil: Born Again,0,,1,,Paderborn
41,Daredevil: The Man Without Fear,2,,11/24/94,Daredevil. The Man Without Fear.jpg,English,1,amazon.com,colour,1,0,0,978-0-7851-3479-4,Daredevil_The_Man_Without_Fear,4.19,5045,Daredevil: The Man Without Fear,0,,1,,Bielefeld
42,Darkroom: A Memoir in Black and White,0,,2/16/12,Darkroom. A Memoir in Black and White.jpg,English,0,search.proquest.com,monochrome,0,0,0,978-0-8173-5714-6,Darkroom_A_Memoir_in_Black_and_White,4.03,410,Darkroom: A Memoir in Black and White,0,1,,,Bielefeld
43,Daytripper,2,,2/8/11,Daytripper.jpg,English,1,search.proquest.com,colour,1,0,0,978-1-4012-2969-6,Daytripper,4.31,20498,Daytripper,0,0.5,0.5,,
44,DC: The New Frontier ,3,,12/1/04,DC. The New Frontier.jpg,English,1,101 Outstanding Graphic Novels by Stephen Weiner ,colour,1,0,0,978-1-4012-4888-8,DC_The_New_Frontier,4.41,4307,DC: The New Frontier ,0,1,,,Bielefeld
45,Deadpool Kills the Marvel Universe,0,,11/14/12,Deadpool Kills the Marvel Universe.jpg,English,1,amazon.com,colour,1,0,0,978-0-7851-6403-6,Deadpool_Kills_the_Marvel_Universe,3.86,8598,Deadpool Kills the Marvel Universe,0,,1,,Bielefeld
46,D\u00e9ogratias: A Tale of Rwanda,2,,10/1/00,Deogratias. A Tale of Rwanda.png,French,0,search.proquest.com,colour,0,0,0,978-1-59643-103-4,Deogratias_A_Tale_of_Rwanda,3.54,976,D\u00e9ogratias ,0,,1,,Bielefeld
48,Portrait of A Dubliner,0,,1/1/13,Portrait of a Dubliner.jpg,Spanish,0,search.proquest.com,monochrome,0,0,0,978-1-62872-665-8,Portrait_of_A_Dubliner,3.809999943,441,Dublin\u00e9s,0,1,,,Bielefeld
50,Elektra Lives Again,1,,3/1/90,Elektra Lives Again.jpg,English,0,search.proquest.com,colour,0,0,0,0-7851-0279-5,Elektra_Lives_Again,3.77,920,Elektra Lives Again,0,,1,,Bielefeld
51,Epileptic ,15,,1/1/02,Epileptic.jpg,French,1,search.proquest.com,--> black&white,1,0,0,978-0-375-71468-9,Epileptic_LAscension_du_haut_mal,3.89,11612,L'Ascension du haut mal,0,1,,,
52,Exit Wounds,5,,5/1/07,Exit Wounds.jpg,English,0,search.proquest.com,colour,0,0,0,978-1-897299-8,Exit_Wounds,3.569999933,4,Exit Wounds,0,,1,,Bielefeld
53,Fables: 1001 Nights of Snowfall,24,,10/18/06,Fables. 1001 Nights of Snowfall.jpg,English,0,search.proquest.com,colour,0,0,0,978-1-401-203696,Fables_1001_Nights_of_Snowfall,4.15,12685,Fables: 1001 Nights of Snowfall,0,1,,,Bielefeld
54,Fax from Sarajevo,3,,11/1/96,Fax from Sarajevo.png,English,0,en.wikipedia.org/wiki/List_of_Harvey_Award_winners#Best_Graphic_Album,colour,0,0,0,1-56971-346-4,Fax_from_Sarajevo,3.85,564,Fax from Sarajevo,0,,1,,Bielefeld
57,From Hell,85,,9/1/99,From Hell.jpg,English,1,search.proquest.com,monochrome,1,0,0,978-0-9585783-4-9,From_Hell,4.16,28044,From Hell,0,1,,,Paderborn
58,Fun Home,68,,6/8/06,Fun Home.jpg,English,0,search.proquest.com,monochrome,0,0,0,978-0-618-87171-1,Fun_Home,4.1,94747,Fun Home,0,1,,,
59,Gaylord Phoenix,1,,11/1/07,Gaylord Phoenix.jpg,English,1,search.proquest.com ,--> black&white,1,0,0,978-0-9799609-8-7,Gaylord_Phoenix,4.11,82,Gaylord Phoenix,0,,1,,Paderborn
60,Gemma Bovery,12,,11/2/99,Gemma Bovery.jpg,English,1,theguardian.com,monochrome,1,0,0,0-224-06114-3,Gemma_Bovery,3.76,1074,Gemma Bovery,0,,1,,Paderborn
61,Ghost World,18,,7/1/95,Ghost World.png,English,1,JSTOR,--> bichrome,1,0,0,978-1-560-97427-7,Ghost_World,3.86,54483,Ghost World,0,,1,,Bielefeld
63,"Hellboy Library Edition, Volume 1: Seed of Destruction and Wake the Devil",25,,10/13/94,"Hellboy, Vol. 1. Seed of Destruction and Wake the Devil.jpg",English,1,101 Outstanding Graphic Novels by Stephen Weiner ,colour,1,0,0,978-1-59307-910-9,Hellboy_Library_Edition_Volume_1_Seed_of_Destruction_and_Wake_the_Devil,4.46,2120,"Hellboy Library Edition, Volume 1: Seed of Destruction and Wake the Devil",0,0.5,0.5,,Bielefeld
64,"Hellboy Library Edition, Volume 2: The Chained Coffin, The Right Hand of Doom, and Others",25,,7/24/97,"Hellboy, Vol. 2. The Chained Coffin, The Right Hand of Doom.jpg",English,1,Amazon.com bestselling graphic novels,colour,1,0,0,978-1-59307-989-5,Hellboy_Library_Edition_Volume_2_The_Chained_Coffin_The_Right_Hand_of_Doom_and_Others,4.55,1158,"Hellboy Library Edition, Volume 2: The Chained Coffin, The Right Hand of Doom, and Others",0,0.5,0.5,,Bielefeld
65,Hicksville,7,,10/20/98,Hicksville.jpg,English,1,search.proquest.com,--> black&white,1,0,0,9.78177E+12,Hicksville,3.89,1616,Hicksville,0,,1,,Bielefeld
66,How to Understand Israel in 60 Days or Less,2,,11/9/10,How to Understand Israel in 60 Days or Less.jpg,English,0,Amazon.com bestselling graphic novels,colour,0,0,0,978-1-4012-2234-5,How_to_Understand_Israel_in_60_Days_or_Less,3.71,3097,How to Understand Israel in 60 Days or Less,0,,1,,Paderborn
67,I Never Liked You,4,,1/1/94,I Never Liked You.jpg,English,1,101 Outstanding Graphic Novels by Stephen Weiner,monochrome,1,0,0,978-1-896597-14-0,I_Never_Liked_You,3.75,4769,I Never Liked You,0,1,,,Bielefeld
69,The Infinity Gauntlet,1,,1/1/92,The Infinity Gauntlet.jpg,English,1,amazon.com,colour,1,0,0,978-0-7851-5659-8,The_Infinity_Gauntlet,4.07,8124,The Infinity Gauntlet,0,,1,,Paderborn
70,It's A Bird,7,,5/1/04,It\u00b4s a Bird.jpg,English,0,search.proquest.com,colour,0,0,0,1-4012-0311-6,Its_A_Bird,3.92,1038,It's A Bird,0,,1,,Bielefeld
71,"It's a Good Life, If You Don't Weaken",1,,9/1/96,"It\u00b4s a Good Life, If You Don\u00b4t Weaken.jpg",English,1,rollingstone.com,colour,1,0,0,1-896597-70-x,Its_a_Good_Life_If_You_Dont_Weaken,3.79,4834,"It's a Good Life, If You Don't Weaken",0,,1,,Bielefeld
73,Jimmy Corrigan: The Smartest Kid on Earth,60,,9/12/00,Jimmy Corrigan. The Smartest Kid on Earth.jpg,English,1,rollingstone.com,colour,1,0,0,0-375-40453-5,Jimmy_Corrigan_The_Smartest_Kid_on_Earth,4.099999905,19876,Jimmy Corrigan: The Smartest Kid on Earth,0,0.5,0.5,,Paderborn
76,Need More Love: A Graphic Memoir,4,,2/1/07,Need More Love. A Graphic Memoir.jpg,English,0,Comics Scholars,--> black&white,0,0,0,978-1-84601-133-7,Need_More_Love_A_Graphic_Memoir,3.92,350,Need More Love: A Graphic Memoir,0,1,,,Bielefeld
77,Logicomix: An Epic Search for Truth,5,,10/5/09,Logicomix. An Epic Search for Truth.jpg,English,0,search.proquest.com,colour,0,0,0,978-1-59691-452-0,Logicomix_An_Epic_Search_for_Truth,4.01,13170,Logicomix: An Epic Search for Truth,0,0.5,0.5,,Bielefeld
78,"Lone Wolf and Cub, Omnibus 1",6,,5/1/13,"Lone Wolf And Cub, Omnibus 1.jpg",Japanese,1,en.wikipedia.org/wiki/List_of_Harvey_Award_winners#Best_Graphic_Album,monochrome,1,1,0,978-1-61655-134-6,Lone_Wolf_and_Cub_Omnibus_1,4.41,961,Kozure \u014ckami,0,1,,,Bielefeld
79,Lost Girls,32,,1/1/91,Lost Girls.jpg,English,1,search.proquest.com ,colour,1,0,0,978-1-60309-044-5,Lost_Girls,3.59,4982,Lost Girls,0,1,,,Bielefeld
81,Mail Order Bride,2,,7/17/03,Mail Order Bride.jpg,English,0,search.proquest.com,--> black&white,0,0,0,1-56097-410-9,Mail_Order_Bride,3.69,243,Mail Order Bride,0,,1,,Bielefeld
82,"Marbles: Mania, Depression, Michelangelo, and Me: A Graphic Memoir",1,,11/6/12,"Marbles. Mania, Depression, Michelangelo, and Me. A Graphic Memoir.jpg",English,0,101 Outstanding Graphic Novels by Stephen Weiner ,--> black&white,0,0,0,978-1-592-40732-3,Marbles_Mania_Depression_Michelangelo_and_Me_A_Graphic_Memoir,3.95,10648,"Marbles: Mania, Depression, Michelangelo, and Me: A Graphic Memoir",0,,1,,Bielefeld
83,March: Book One,1,,8/13/13,March. Book One.jpg,English,1,amazon.com,monochrome,1,1,0,978-1-60309-300-2,March_Book_One,4.35,25082,March: Book One,0,0.5,0.5,,Bielefeld
84,March: Book Two,1,,1/13/15,March. Book Two.jpg,English,1,amazon.com,monochrome,1,1,0,978-1-60309-400-9,March_Book_Two,4.53,12848,March: Book Two,0,1,,,Bielefeld
86,Mom's Cancer,1,,3/1/06,Mom\u00b4s Cancer.jpg,English,0,search.proquest.com,monochrome,0,0,0,978-0-8109-7107-3,Moms_Cancer,3.86,1135,Mom's Cancer,0,,1,,Bielefeld
87,Mother Come Home,3,,1/1/03,"Mother, Come Home.jpg",English,0,101 Outstanding Graphic Novels by Stephen Weiner ,colour,0,0,0,978-1-56097-973-9,Mother_Come_Home,4.08,2061,Mother Come Home,0,,1,,Bielefeld
88,Narcissa,0,,9/17/02,Narcissa.jpg,English,0,search.proquest.com,monochrome,0,0,0,0-385-50342-3,Narcissa,3.59,27,Narcissa,0,,1,,Bielefeld
89,Nat Turner,11,,7/1/08,Nat Turner.jpg,English,1,search.proquest.com,monochrome,1,0,0,978-0-8109-7227-8,Nat_Turner,3.96,863,Nat Turner,0,1,,,Bielefeld
90,Ode to Kirihito. Part One,1,,3/30/10,Ode to Kirihito. Part One.jpg,Japanese,1,101 Outstanding Graphic Novels by Stephen Weiner ,monochrome,1,1,0,978-1--934287-97-2,Ode_to_Kirihito_Part_One,4.03,260,Kirihito Sanka,0,,1,,Bielefeld
91,One Hundred Demons,13,,8/13/02,One Hundred Demons.jpg,English,0,search.proquest.com,colour,0,0,0,978-1-57061-459-0,One_Hundred_Demons,4.17,6979,One Hundred Demons,0,,1,,Bielefeld
94,Our Cancer Year,3,,10/13/94,Our Cancer Year.jpg,English,0,en.wikipedia.org/wiki/List_of_Harvey_Award_winners#Best_Graphic_Album,monochrome,0,0,0,1-56858-011-8,Our_Cancer_Year,3.88,1095,Our Cancer Year,0,,1,,
95,Palestine,33,,12/17/01,Palestine.jpg,English,1,search.proquest.com,monochrome,1,0,0,978-0-22406-982-3,Palestine,4.2,11888,Palestine,0,,1,,
96,"Palomar: The Heartbreak Soup Stories, A Love and Rockets Book",10,,7/1/03,"Palomar. The Heartbreak Soup Stories, A Love and Rockets Book.jpg",English,1,101 Outstanding Graphic Novels by Stephen Weiner ,--> black&white,1,0,0,978-1-560-97783-4,Palomar_The_Heartbreak_Soup_Stories_A_Love_and_Rockets_Book,4.35,1496,"Palomar: The Heartbreak Soup Stories, A Love and Rockets Book",0,0.5,0.5,,Bielefeld
97,Paul Has a Summer Job,0,,8/1/02,Paul Has a Summer Job.jpg,English,0,search.proquest.com,monochrome,0,0,0,1-896597-54-8,Paul_Has_a_Summer_Job,4.04,1759,Paul Has a Summer Job,0,1,,,Bielefeld
98,Paul Joins the Scouts,0,,11/10/11,Paul Joins the Scouts.jpg,English,0,101 Outstanding Graphic Novels by Stephen Weiner ,monochrome,0,0,0,978-1-894994-69-9,Paul_Joins_the_Scouts,4.28,753,Paul Joins the Scouts,0,1,,,Bielefeld
99,"Pedro and Me: Friendship, Loss, and What I Learned",1,,9/1/00,"Pedro and Me. Friendship, Loss, and What I Learned.jpg",English,0,101 Outstanding Graphic Novels by Stephen Weiner ,--> black&white,0,0,0,978-0-8050-8964-6,Pedro_and_Me_Friendship_Loss_and_What_I_Learned,3.96,2287,"Pedro and Me: Friendship, Loss, and What I Learned",0,,1,,Bielefeld
100,Onward Towards Our Noble Deaths,1,,4/26/11,Onward Towards Our Noble Deaths.jpg,Japanese,0,amazon.com,--> black&white,0,0,0,978-1-77046-041-6,,3.99,1217,S\u014din Gyokusai Seyo!,0,1,,,Bielefeld
101,Pyongyang: A Journey in North Korea,6,,1/1/04,Pyongyang. A Journey in North Korea.jpg,French,0,rollingstone.com,monochrome,0,0,0,978-1-897299-21-0,Pyongyang_A_Journey_in_North_Korea,3.93,16063,Pyongyang,0,,1,,Bielefeld
102,RASL,1,,9/17/13,RASL.jpg,English,1,101 Outstanding Graphic Novels by Stephen Weiner ,colour,1,0,0,978-188896337-3,RASL,3.74,1317,RASL,0,1,,,Bielefeld
103,Red: A Haida Manga,1,,9/14/09,Red. A Haida Manga.jpg,English,0,search.proquest.com,colour,0,0,0,978-1-177162-022-2,Red_A_Haida_Manga,3.369999886,240,Red: A Haida Manga,0,,1,,Bielefeld
105,Richard Stark's Parker: Slayground,0,,12/24/13,Richard Stark\u00b4s Parker. Slayground.jpg,English,0,comic-con.org,colour,0,1,1,978-1613778128,Richard_Starks_Parker_Slayground,4.06,1033,Richard Stark's Parker: Slayground,1,1,,,Bielefeld
106,"Safe Area Gora\u017ede: The War in Eastern Bosnia, 1992-1995 ",2,,1/1/00,"Safe Area Gora\u017ede. The War in Eastern Bosnia, 1992-1995.jpg",English,0,rollingstone.com,--> black&white,0,0,0,978-0-224-08089-7,,4.27,7097,"Safe Area Gora\u017ede: The War in Eastern Bosnia, 1992-1995 ",0,,1,,Paderborn
108,Same Difference,6,,1/1/03,Same Difference.jpg,English,0,101 Outstanding Graphic Novels by Stephen Weiner ,monochrome,0,0,0,978-1-59643-657-2,Same_Difference,3.67,1940,Same Difference,0,,1,,Bielefeld
111,Shortcomings,13,,1/1/07,Shortcomings.jpg,English,1,search.proquest.com,--> black&white,1,0,0,978-1-897299-75-3,Shortcomings,3.64,10593,Shortcomings,0,,1,,Bielefeld
112,Signal to Noise,8,,1/1/92,Signal to Noise.jpg,English,1,search.proquest.com,colour,1,0,0,978-1-59307-752-5,Signal_to_Noise,3.84,3608,Signal to Noise,0,,1,,Bielefeld
113,Sin City. The Hard Goodbye,54,,1/1/92,Sin City. The Hard Goodbye.jpg,English,1,theguardian.com,--> black&white,1,0,0,978-1-59307-293-3,Sin_City_The_Hard_Goodbye,4.16,45288,Sin City. The Hard Goodbye,0,,1,,Bielefeld
114,Skim,6,,1/1/08,Skim.jpg,English,0,101 Outstanding Graphic Novels by Stephen Weiner ,monochrome,0,0,0,978-0-88899-964-1,Skim,3.79,9856,Skim,0,,1,,Bielefeld
115,Stuck Rubber Baby,7,,1/1/95,Stuck Rubber Baby.jpg,English,0,search.proquest.com,monochrome,0,0,0,1-56389-255-3,Stuck_Rubber_Baby,3.99,3861,Stuck Rubber Baby,0,1,,,Bielefeld
117,Superman: Red Son,1,,1/1/04,Superman. Red Son.jpg,English,1,101 Outstanding Graphic Novels by Stephen Weiner ,colour,1,0,0,978-1-4012-4711-9,,4.17,40497,Superman: Red Son,0,1,,,Paderborn
118,Swallow Me Whole,1,,7/8/08,Swallow Me Whole.jpg,English,0,Amazon.com bestselling graphic novels,monochrome,0,0,0,1-60309-033-9,Swallow_Me_Whole,3.66,2385,Swallow Me Whole,0,,1,,Bielefeld
119,The Arrival,27,,1/1/06,The Arrival.jpg,English,0,search.proquest.com,colour,0,0,0,978-0-439-89529-3,The_Arrival,4.33,38674,The Arrival,0,1,,,Paderborn
120,The Barn Owl's Wondrous Capers,0,,1/9/07,The Barn Owl\u00b4s Wondrous Capers.jpg,English,0,search.proquest.com,--> black&white,0,0,0,0-14400-108-x,The_Barn_Owls_Wondrous_Capers,3.51,206,The Barn Owl's Wondrous Capers,0,1,,,
121,The Book of Genesis,1,,10/19/09,The Book of Genesis.jpg,English,0,search.proquest.com,colour,0,1,1,978-0-393-06102-4,The_Book_of_Genesis,4,3936,The Book of Genesis,1,1,,,Bielefeld
122,The Books of Magic,4,,4/1/93,The Books of Magic.jpg,English,1,101 Outstanding Graphic Novels by Stephen Weiner ,colour,1,0,0,978-1-4012-4686-0,The_Books_of_Magic,4.07,13477,The Books of Magic,0,1.299999952,1.299999952,1.299999952,Bielefeld
123,"The Borden Tragedy: A Memoir of the Infamous Double Murder at Fall River, Mass., 1892 (A Treasury of Victorian Murder)",1,,9/1/97,"The Borden Tragedy. A Memoir of the Infamous Double Murder at Fall River, Mass., 1892 (A Treasury of Victorian Murder).jpg",English,0,101 Outstanding Graphic Novels by Stephen Weiner ,monochrome,0,0,0,978-1-56163-189-6,The Borden Tragedy,3.83,767,"The Borden Tragedy: A Memoir of the Infamous Double Murder at Fall River, Mass., 1892 ",0,1,,,Bielefeld
124,The Boulevard of Broken Dreams,3,,9/24/02,The Boulevard of Broken Dreams.jpg,English,0,search.proquest.com,monochrome,0,0,0,0-375-42191-2,The_Boulevard_of_Broken_Dreams,3.85,788,The Boulevard of Broken Dreams,0,1,,,Bielefeld
126,Collected Essex County,5,,6/15/09,Collected Essex Country.jpg,English,1,101 Outstanding Graphic Novels by Stephen Weiner ,--> black&white,1,0,0,978-1-60309-038-4,Collected_Essex_County,4.3,7546,Collected Essex County,0,0.5,0.5,,Bielefeld
127,The Complete Maus,294,,11/19/96,The Complete Maus.jpg,English,1,entertainment.time.com,--> black&white,1,0,0,0-679-40641-7,The_Complete_Maus,4.53,93701,The Complete Maus,0,0.5,0.5,,Paderborn
128,The Complete Persepolis,90,,10/30/07,The Complete Persepolis.jpg,French,1,comicsbeat.com,--> black&white,1,0,0,978-0-375-71483-2,The_Complete_Persepolis,4.37,86005,Persepolis ,0,1,,,Paderborn
129,The Cowboy Wally Show,2,,1/1/88,The Cowboy Wally Show.jpg,English,0,rollingstone.com,--> black&white,0,0,0,1-4012-0050-8,The_Cowboy_Wally_Show,3.87,249,The Cowboy Wally Show,0,,1,,Bielefeld
131,The Greatest of Marlys,0,,1/7/00,The Greatest of Marlys.jpg,English,0,entertainment.time.com,--> black&white,0,0,0,978-1-77046-264-9,The_Greatest_of_Marlys,4.43,1427,The Greatest of Marlys,0,,1,,Bielefeld
132,The Hedge Knight: The Graphic Novel (A Game of Thrones),0,,6/22/04,The Hedge Knight. The Graphic Novel (A Game of Thrones).jpg,English,1,amazon.com,colour,1,1,1,978-1-477-84910-1,,4.11,17755,The Hedge Knight: The Graphic Novel (A Game of Thrones),1,1,,,Bielefeld
133,The Incal ,2,,12/1/10,The Incal.jpg,French,1,rollingstone.com,colour,1,0,0,978-1-59465-093-2,The_Incal_LIncal,4.21,4414,L'Incal - int\u00e9grale,0,,1,,Bielefeld
134,The Jew of New York,8,,12/7/98,The Jew of New York.jpg,English,1,search.proquest.com,monochrome,1,0,0,978-0-375-70097-2,The_Jew_of_New_York,3.61,244,The Jew of New York,0,1,,,Bielefeld
135,The Metamorphosis,20,,8/5/03,The Metamorphosis.jpg,English,0,JSTOR,monochrome,0,1,1,978-1-4000-5299-8,The_Metamorphosis,3.78,2917,The Metamorphosis,1,1,,,Bielefeld
136,The Name of the Game,0,,1/1/02,The Name of the Game.jpg,English,0,search.proquest.com,monochrome,0,0,0,978-0-393-328158,The_Name_of_the_Game,3.78,293,The Name of the Game,0,1,,,Bielefeld
137,The Originals,14,,11/3/04,The Originals.jpg,English,0,Amazon.com bestselling graphic novels,--> bichrome,0,0,0,1-4012-0356-6,The_Originals,3.1,467,The Originals,0,1,,,Paderborn
138,The Photographer: Into War-torn Afghanistan with Doctors Without Borders,17,,1/1/09,The Photographer.jpg,French,1,search.proquest.com,colour,1,0,0,978-1-59643-375-5,The_Photographer,4.23,2828,"Le photographe, Int\u00e9grale",0,,1,,Bielefeld
139,The Property,14,,1/1/13,The Property.jpg,English,0,comic-con.org,colour,0,0,0,978-1-77046-115-4,The_Property,3.93,3333,The Property,0,0.5,0.5,,Bielefeld
140,The Puma Blues,2,,1/1/15,The Puma Blues.jpg,English,1,rollingstone.com,--> black&white,1,0,0,978-0-486-79813-4,The_Puma_Blues,3.89,61,The Puma Blues,0,,,1,Bielefeld
144,The Sworn Sword: The Graphic Novel (A Game of Thrones),0,,1/1/03,The Sworn Sword. The Graphic Novel (A Game of Thrones).jpg,English,1,amazon.com,colour,1,1,1,978-1-477-84929-3,,4.12,6004,The Sworn Sword: The Graphic Novel (A Game of Thrones),1,1,,,Paderborn
145,The Tale of One Bad Rat,3,,10/1/95,The Tale of One Bad Rat.jpg,English,1,101 Outstanding Graphic Novels by Stephen Weiner ,colour,1,0,0,978-0-224-08470-3,The_Tale_of_One_Bad_Rat,3.88,2476,The Tale of One Bad Rat,0,,1,,Bielefeld
147,The Thrilling Adventures of Lovelace and Babbage: The (Mostly) True Story of the First Computer,1,,4/21/15,The Thrilling Adventures of Lovelace and Babbage. The (Mostly) True Story of the First Computer.jpg,English,0,amazon.com,--> black&white,0,0,0,978-0-307-90827-8,The_Thrilling_Adventures_of_Lovelace_and_Babbage_The_Mostly_True_Story_of_the_First_Computer,4.05,3027,The Thrilling Adventures of Lovelace and Babbage: The (Mostly) True Story of the First Computer,0,1,,,Paderborn
148,The Tragical Comedy or Comical Tragedy of Mr. Punch,3,,1/1/94,The Tragical Comedy or Comical Tragedy of Mr. Punch.jpg,English,0,search.proquest.com,colour,0,0,0,978-0-7475-8844-3,The_Tragical_Comedy_or_Comical_Tragedy_of_Mr_Punch,3.78,6525,The Tragical Comedy or Comical Tragedy of Mr. Punch,0,,1,,Bielefeld
150,To the Heart of the Storm,1,,5/1/91,To the Heart of the Storm.jpg,English,0,search.proquest.com,--> black&white,0,0,0,978-0-393-32810-3,To_the_Heart_of_the_Storm,4.09,822,To the Heart of the Storm,0,1,,,Paderborn
151,Top 10: The Forty-Niners,5,,9/30/05,Top 10. The Forty-Niners.jpg,English,1,Amazon.com bestselling graphic novels,colour,1,1,0,1-4012-0573-9,Top_10_The_Forty-Niners,3.92,2183,Top 10: The Forty-Niners,0,1,,,Bielefeld
152,Troubled Souls,0,,2/1/90,Troubled Souls.jpg,English,0,theguardian.com,colour,0,0,0,0-85386-174-x,Troubled_Souls,3.420000076,62,Troubled Souls,0,,1,,Bielefeld
153,Unterzakhn,6,,4/3/12,Unterzakhn.jpg,English,0,rollingstone.com,monochrome,0,0,0,978-0-8052-4259-1,Unterzakhn,3.75,1820,Unterzakhn,0,1,,,Bielefeld
155,V for Vendetta,60,,1/1/88,V for Vendetta.jpg,English,1,search.proquest.com,colour,1,0,0,978-1-4012-0841-7,V_for_Vendetta,4.25,226860,V for Vendetta,0,,0.5,0.5,
156,Watchmen,204,,1/1/87,Watchmen.jpg,English,1,entertainment.time.com,colour,1,0,0,978-3-86607-607-5,Watchmen,4.35,432336,Watchmen,0,0.5,0.5,,Paderborn
158,Blankets,9,,7/23/03,Blankets.jpg,English,0,search.proquest.com,--> black&white,0,0,0,978-1-891830-43-3,Blankets,4.06,76270,Blankets,0,0.5,0.5,,Bielefeld
162,Jar of Fools,1,,1/1/97,Jar of Fools.jpg,English,1,Amazon.com bestselling graphic novels,--> black&white,1,0,0,1-896597-72-6,Jar_of_Fools,3.79,1427,Jar of Fools,0,,1,,Bielefeld
163,Why I Hate Saturn,4,,1/1/90,Why I Hate Saturn.jpg,English,1,en.wikipedia.org/wiki/List_of_Harvey_Award_winners#Best_Graphic_Album,colour,1,1,0,1-930289-72-2,Why_I_Hate_Saturn,3.859999895,855,Why I Hate Saturn,0,,1,,Bielefeld
164,A Life Force ,2,,5/1/88,A Life Force.jpg,English,0,search.proquest.com,monochrome,0,0,0,978-0-393-32803-5,A_Life_Force,4.12,745,A Life Force ,0,0.5,0.5,,Bielefeld
165,Kings in Disguise ,2,,8/1/90,Kings in Disguise.jpg,English,1,Amazon.com bestselling graphic novels,monochrome,1,0,0,978-0-393-32848-6,Kings_in_Disguise,3.84,309,Kings in Disguise ,0,1,,,Bielefeld
167,Tantrum! ,4,,1/1/79,Tantrum!.jpg,English,0,Amazon.com bestselling graphic novels,--> black&white,0,0,0,1-56097-282-3,Tantrum,3.73,90,Tantrum! ,0,,1,,Bielefeld
168,The Ballad of Doctor Richardson ,1,,1/1/94,The Ballad of Doctor Richardson.jpg,English,0,Amazon.com bestselling graphic novels,--> black&white,0,0,0,1-882402-18-9,The_Ballad_of_Doctor_Richardson,3.64,94,The Ballad of Doctor Richardson ,0,,1,,Bielefeld
169,Are You My Mother? A Comic Drama,4,,5/1/12,Are You My Mother. A Comic Drama.jpg,English,0,JSTOR,colour,0,0,0,978-0-544-00223-4,Are_You_My_Mother_A_Comic_Drama,3.67,21281,Are You My Mother? A Comic Drama,0,0.5,0.5,,Bielefeld
170,The Diary of a Teenage Girl,4,,1/1/02,The Diary of a Teenage Girl.jpg,English,0,search.proquest.com,monochrome,0,0,0,978-1-58394-063-1,The_Diary_of_a_Teenage_Girl,3.93,3337,The Diary of a Teenage Girl,0,1,,,Bielefeld
171,Stitches. A memoir,11,,9/8/09,Stitches. A Memoir.jpg,English,0,search.proquest.com,monochrome,0,0,0,978-1-6068-6751-8,Stitches_A_Memoir,4.03,20011,Stitches. A Memoir,0,1,,,Bielefeld
172,Psychiatric Tales,1,,1/1/10,Psychiatric Tales.jpg,English,0,101 Outstanding Graphic Novels by Stephen Weiner,--> black&white,0,0,0,978-1-906-653309,Psychiatric_Tales,3.6,1451,Psychiatric Tales,0,,1,,Bielefeld
173,Habibi,2,,9/20/11,Habibi.jpg,English,0,graphic-novel.info,monochrome,0,0,0,978-0-571-24132-3,Habibi,4.03,30671,Habibi,0,,1,,Paderborn
174,Harvey Pekar's Cleveland,8,,9/29/12,Harvey Pekar\u00b4s Cleveland.jpg,English,0,Amazon.com bestselling graphic novels,monochrome,0,0,0,978-1-60309-091-9,Harvey_Pekars_Cleveland,3.99,975,Harvey Pekar's Cleveland,0,1,,,
175,Footnotes in Gaza,17,,1/1/09,Footnotes in Gaza.jpg,English,0,Amazon.com bestselling graphic novels,--> black&white,0,0,0,978-0-805-09277-6,Footnotes_in_Gaza,4.27,3863,Footnotes in Gaza,0,1,,,Paderborn
176,Bumf Vol. 1: I Buggered The Kaiser ,0,,11/3/14,Bumf. Vol.1. I Buggered The Kaiser.png,English,0,Amazon.com bestselling graphic novels,--> black&white,0,0,0,978-0-224-10198-1,Bumf_Vol_1_I_Buggered_The_Kaiser,3.35,193,Bumf Vol. 1: I Buggered The Kaiser ,0,1,,,Bielefeld
177,Munnu: A Boy From Kashmir,1,,6/18/15,Munnu. A Boy From Kashmir.jpg,English,0,Amazon.com bestselling graphic novels,--> black&white,0,0,0,978-0-00-751363-5,Munnu_A_Boy_From_Kashmir,4.33,347,Munnu: A Boy From Kashmir,0,1,,,Bielefeld
178,Ed the Happy Clown ,2,,1/1/12,Ed the Happy Clown.jpg,English,1,en.wikipedia.org/wiki/List_of_Harvey_Award_winners#Best_Graphic_Album,--> black&white,1,0,0,978-1-77046-075-1,Ed_the_Happy_Clown,3.93,1166,Ed the Happy Clown ,0,,1,,Bielefeld
179,You Are Here ,1,,11/1/98,You Are Here.jpg,English,0,en.wikipedia.org/wiki/List_of_Harvey_Award_winners#Best_Graphic_Album,colour,0,0,0,1-56389-442-4,You_Are_Here,3.72,224,You Are Here ,0,,1,,Bielefeld
180,Last Day in Vietnam ,1,,7/15/00,Last Day in Vietnam.jpg,English,0,en.wikipedia.org/wiki/List_of_Harvey_Award_winners#Best_Graphic_Album,monochrome,0,0,0,978-1-61655-120-9,Last_Day_in_Vietnam,3.7,578,Last Day in Vietnam ,0,1,,,Bielefeld
181,The Golem's Mighty Swing ,1,,7/1/01,The Golem's Mighty Swing.jpg,English,0,en.wikipedia.org/wiki/List_of_Harvey_Award_winners#Best_Graphic_Album,--> black&white,0,0,0,978-1-77046-283-0,The_Golems_Mighty_Swing,3.63,458,The Golem's Mighty Swing ,,1,,,Bielefeld
182,Louis Riel: A Comic-Strip Biography ,10,,12/9/03,Louis Riel. A Comic-Strip Biography.jpg,English,1,JSTOR,--> black&white,1,0,0,9.78189E+12,Louis_Riel_A_Comic-Strip_Biography,3.859999895,4,Louis Riel: A Comic-Strip Biography ,0,1,,,Bielefeld
183,Tricked ,1,,8/23/05,Tricked.jpg,English,1,en.wikipedia.org/wiki/Ignatz_Award,--> black&white,1,0,0,978-1-891830-73-0,Tricked,3.79,1369,Tricked ,0,,1,,Bielefeld
184,Pride of Baghdad ,4,,9/13/06,Pride of Baghdad.jpg,English,0,en.wikipedia.org/wiki/List_of_Harvey_Award_winners#Best_Graphic_Album,colour,0,0,0,978-1-4012-0315-3,,3.88,19011,Pride of Baghdad ,0,,1,,Paderborn
185,Too Cool To Be Forgotten ,0,,8/4/08,Too Cool To Be Forgotten.jpg,English,0,en.wikipedia.org/wiki/List_of_Harvey_Award_winners#Best_Graphic_Album,--> black&white,0,0,0,978-1-891830-98-3,Too_Cool_To_Be_Forgotten,3.71,1774,Too Cool To Be Forgotten ,0,0.5,0.5,,Bielefeld
186,Richard Stark's Parker: The Score ,1,,7/24/12,Richard Stark\u00b4s Parker. The Score.jpg,English,0,en.wikipedia.org/wiki/List_of_Harvey_Award_winners#Best_Graphic_Album,colour,0,1,1,978-1613772089,Richard_Starks_Parker_The_Score,4.28,2060,Richard Stark's Parker: The Score ,1,1,,,Bielefeld
187,The Fifth Beatle: The Brian Epstein Story ,1,,10/29/13,The Fifth Beatle. The Brian Epstein Story.jpg,English,0,comic-con.org,colour,0,0,0,978-1-61655-256-5,The_Fifth_Beatle_The_Brian_Epstein_Story,3.95,1684,The Fifth Beatle: The Brian Epstein Story ,0,1,,,Bielefeld
189,The Motherless Oven ,0,,10/7/14,The Motherless Oven.jpg,English,0,British Comic Awards ,--> black&white,0,0,0,978-1-906838812,The_Motherless_Oven,3.68,849,The Motherless Oven ,0,,1,,Bielefeld
190,The Encyclopedia of Early Earth ,0,,10/3/13,The Encyclopedia of Early Earth.jpg,English,0,amazon.com,colour,0,0,0,978-0-316-22581-6,,4.08,4724,The Encyclopedia of Early Earth ,0,,,,Bielefeld
191,The Nao of Brown ,1,,10/1/12,The Nao of Brown.jpg,English,0,British Comic Awards ,colour,0,0,0,978-1-906838-42-3,The_Nao_of_Brown,4.02,2714,The Nao of Brown ,0,,1,,Bielefeld
192,Nelson,22,,1/1/11,Nelson.jpg,English,0,British Comic Awards ,colour,0,0,0,1906653232,Nelson,4.16,177,Nelson,0,0.5,0.5,,Bielefeld
193,The Sculptor,2,,2/3/15,The Sculptor.jpg,English,0,amazon.com,colour,0,0,0,978-1-59643-573-5,The_Sculptor,4,12049,The Sculptor,0,,1,,Bielefeld
194,I Kill Giants,0,,9/1/09,I Kill Giants.jpg,English,1,amazon.com,monochrome,1,0,0,978-1-60706-985-0,I_Kill_Giants,4.17,11453,I Kill Giants,0,,1,,Bielefeld
195,Killing and Dying,0,,10/6/15,Killing and Dying.jpg,English,0,amazon.com,colour,0,0,0,978-1-77046-209-0,Killing_and_Dying,3.97,5111,Killing and Dying,0,,1,,Bielefeld
196,In Search of Lost Time: Swann's Way,3,,7/13/15,In Search of Lost Time. Swann\u00b4s Way.jpg,French,0,amazon.com,colour,0,1,1,978-1-63149-035-4,In_Search_of_Lost_Time_Swanns_Way,4.03,236,Du c\u00f4t\u00e9 de chez Swann : \u00c9dition Int\u00e9grale,1,1,,,Bielefeld
197,Beverly,0,,1/26/16,Beverly.jpg,English,0,www.amazon.com,colour,0,0,0,978-1-77046-225-0,Beverly,3.98,553,Beverly,0,,1,,Bielefeld
198,Here,4,,12/4/14,Here.jpg,English,1,amazon.com,colour,1,1,1,978-0-375-40650-8,Here,4.18,6329,Here,1,1.299999952,1.299999952,1.299999952,Bielefeld
199,Blue is the Warmest Color (Blue Angel),1,,3/1/10,Blue Is the Warmest Color.jpg,French,0,amazon.com,colour,0,0,0,978-1-55152-514-3,Blue_is_the_Warmest_Color_Blue_Angel,3.92,20338,Le bleu est une couleur chaude (La Vie d'Ad\u00e8le),0,,1,,Bielefeld
200,750 Years in Paris,0,,8/11/15,750 Years in Paris.jpg,English,0,Amazon.com bestselling graphic novels,colour,0,0,0,978-1-907704-93-2,750_Years_in_Paris,4.25,273,750 Years in Paris,0,0.5,0.5,,Bielefeld
201,Long Red Hair,0,,9/21/15,Long Red Hair.jpg,English,0,amazon.com,colour,0,0,0,978-1-894994-95-8,Long_Red_Hair,3.42,368,Long Red Hair,0,,1,,Bielefeld
202,Nod Away,0,,2/15/16,Nod Away.jpg,English,0,amazon.com,--> black&white,0,0,0,9.78161E+12,Nod_Away,3.66,175,Nod Away,0,,,1,Bielefeld
203,Mary Wept Over the Feet of Jesus,0,,1/1/16,Mary Wept Over the Feet of Jesus.jpg,English,0,amazon.com,--> black&white,0,0,0,978-1-77046-234-2,Mary_Wept_Over_the_Feet_of_Jesus,3.68,647,Mary Wept Over the Feet of Jesus,0,1,,,Bielefeld
204,Sacred Heart,0,,7/1/15,Sacred Heart.png,English,0,amazon.com,--> black&white,0,0,0,978-1-60699-841-0,Sacred_Heart,3.74,887,Sacred Heart,0,,1,,Bielefeld
206,Market Day,2,,3/30/10,Market Day.jpg,English,0,spxpo.com/ignatz-awards-2012,colour,0,0,0,978-1-897299-97-5,Market_Day,3.74,1007,Market Day,0,1,,,Bielefeld
207,Big Questions,1,,8/16/11,Big Questions.jpg,English,0,spxpo.com/ignatz-awards-2012 ,--> black&white,0,0,0,978-1-77046-047-8,Big_Questions,4.14,3076,Big Questions,0,,1,,Bielefeld
208,This One Summer,0,,5/1/14,This One Summer.jpg,English,0,101 Outstanding Graphic Novels by Stephen Weiner ,monochrome,0,0,0,978-1-59643-774-6,This_One_Summer,3.67,38729,This One Summer,0,,1,,Bielefeld
209,The Oven,1,,4/21/15,The Oven.jpg,English,0,en.wikipedia.org/wiki/Ignatz_Award,colour,0,0,0,978-1-935233-33-6,The_Oven,3.31,350,The Oven,0,,1,,Bielefeld
210,Paying For It,4,,5/3/11,Paying For It.jpg,English,0,"Santiago Garc\u00eda, On the Graphic Novel, trans. Bruce Campbell (Jackson, MS: University Press of Mississippi, 2015)",--> black&white,0,0,0,978-1-77046-119-2,,3.64,3984,Paying For It,0,,1,,Bielefeld
211,The Playboy,11,,12/1/92,The Playboy.jpg,English,1,"Santiago Garc\u00eda, On the Graphic Novel, trans. Bruce Campbell (Jackson, MS: University Press of Mississippi, 2015)",--> black&white,1,0,0,978-1-77046-118-5,The_Playboy,3.72,1202,The Playboy,0,,1,,Bielefeld
212,Like a Velvet Glove Cast in Iron,4,,1/17/93,Like a Velvet Glove Cast in Iron.jpg,English,1,JSTOR,monochrome,1,0,0,978-1-56097-116-0,Like_a_Velvet_Glove_Cast_in_Iron,4.06,6155,Like a Velvet Glove Cast in Iron,0,,1,,Bielefeld
213,Ice Haven,3,,6/7/05,Ice Haven.jpg,English,1,JSTOR,colour,1,0,0,978-0-375-71469-6,Ice_Haven,3.85,5311,Ice Haven,0,,1,,Bielefeld
214,David Boring,11,,9/12/00,David Boring.JPG,English,1,JSTOR,monochrome,1,0,0,978-0-375-71452-8,David_Boring,3.8,7152,David Boring,0,,1,,Bielefeld
215,Wimbledon Green,2,,12/13/05,Wimbledon Green.JPG,English,0,"Santiago Garc\u00eda, On the Graphic Novel, trans. Bruce Campbell (Jackson, MS: University Press of Mississippi, 2015)",--> bichrome,0,0,0,1-896597-93-9,Wimbledon_Green,3.86,1395,Wimbledon Green,0,1.299999952,1.299999952,,Bielefeld
216,"George Sprott, 1894-1975",2,,5/26/09,"George Sprott, 1894-1975.jpg",English,0,"Santiago Garc\u00eda, On the Graphic Novel, trans. Bruce Campbell (Jackson, MS: University Press of Mississippi, 2015)",colour,0,0,0,978-1-897299-51-7,George_Sprott_1894-1975,4.07,780,"George Sprott, 1894-1975",0,1,,,Bielefeld
217,Daddy's Girl,1,,6/1/96,Daddy\u00b4s Girl.jpg,English,0,amazon.com,--> black&white,0,0,0,978-1-56097-894-7,Daddy's Girl,3.77,277,Daddy's Girl,0,1,,,
218,Brooklyn Dreams,3,,4/1/03,Brooklyn Dreams.jpg,English,1,"Santiago Garc\u00eda, On the Graphic Novel, trans. Bruce Campbell (Jackson, MS: University Press of Mississippi, 2015)",--> black&white,1,0,0,978-1613770801,Brooklyn_Dreams,3.66,274,Brooklyn Dreams,0,1,,,Bielefeld
219,A History of Violence,7,,1/1/97,A History of Violence.jpg,English,0,JSTOR,--> black&white,0,0,0,978-1-4012-3189-7,A_History_of_Violence,3.45,2060,A History of Violence,0,,1,,Bielefeld
220,Stray Toasters,1,,3/1/91,Stray Toasters.jpg,English,1,"Santiago Garc\u00eda, On the Graphic Novel, trans. Bruce Campbell (Jackson, MS: University Press of Mississippi, 2015)",colour,1,0,0,978-1-58240-8231,Stray_Toasters,3.92,660,Stray Toasters,0,,1,,
221,Clumsy,3,,1/1/02,Clumsy.jpg,English,0,"Santiago Garc\u00eda, On the Graphic Novel, trans. Bruce Campbell (Jackson, MS: University Press of Mississippi, 2015)",--> black&white,0,0,0,978-0-9713597-6-5,Clumsy,3.79,4954,Clumsy,0,,1,,Bielefeld
222,La Perdida,6,,9/1/02,La Perdida.jpg,English,1,search.proquest.com,--> black&white,1,0,0,978-0-375-71471-9,,3.33,1872,La Perdida,0,,1,,Bielefeld
223,"A Game for Swallows: To Die, To Leave, To Return",2,,8/1/12,"A Game for Swallows. To Die, To Leave, To Return.png",French,0,"Santiago Garc\u00eda, On the Graphic Novel, trans. Bruce Campbell (Jackson, MS: University Press of Mississippi, 2015)",--> black&white,0,0,0,978-1-57505-941-9,,3.74,2484,Mourir partir revenir. le jeu des hirondelles,0,1,,,Bielefeld
224,We Are On Our Own,4,,5/16/06,We Are On Our Own.jpg,English,0,"Santiago Garc\u00eda, On the Graphic Novel, trans. Bruce Campbell (Jackson, MS: University Press of Mississippi, 2015)",monochrome,0,0,0,1-896597-20-3,We_Are_On_Our_Own,3.76,720,We Are On Our Own,0,1,,,Bielefeld
225,Aya: Life in Yop City ,9,,9/4/12,Aya. Life in Yop City.jpg,French,1,"Santiago Garc\u00eda, On the Graphic Novel, trans. Bruce Campbell (Jackson, MS: University Press of Mississippi, 2015)",colour,1,1,0,978-1-77046-082-9,Aya_Life_in_Yop_City,3.98,644,Aya De Yopougon,0,,1,,Bielefeld
226,Siberia,1,,8/4/06,Siberia.jpg,Russian,0,"Santiago Garc\u00eda, On the Graphic Novel, trans. Bruce Campbell (Jackson, MS: University Press of Mississippi, 2015)",--> black&white,0,0,0,978-1-933368-03-0,Siberia,3.33,106,\u0421\u0438\u0431\u0438\u0440\u044c,0,1,,,Paderborn
227,Blue Pills: A Positive Love Story,0,,1/15/08,Blue Pills. A Positive Love Story.jpg,French,0,"Santiago Garc\u00eda, On the Graphic Novel, trans. Bruce Campbell (Jackson, MS: University Press of Mississippi, 2015)",--> black&white,0,0,0,978-0-224-08239-6,Blue_Pills_A_Positive_Love_Story,3.91,4447,Pilules bleues ,0,,1,,Bielefeld
229,Tekkon Kinkreet: Black and White,2,,9/25/07,Tekkon Kinkreet. Black and White.jpg,Japanese,1,en.wikipedia.org/wiki/List_of_Harvey_Award_winners#Best_Graphic_Album,monochrome,1,1,0,978-1-4215-1867-1,Tekkon_Kinkreet_Black_and_White,4.36,2066,Tekkon KinKur\u00eeto ,0,,1,,Bielefeld
233,The Voyeurs,0,,9/4/12,The Voyeurs.png,English,0,Comics Scholars,colour,0,0,0,978-0-9846814-0-2,The_Voyeurs,3.7,1074,The Voyeurs,0,,1,,Bielefeld
234,Anya's Ghost,0,,6/7/11,Anya\u00b4s Ghost.jpg,English,0,Comics Scholars,monochrome,0,0,0,978-1-250-04001-5,Anyas_Ghost,3.88,47643,Anya's Ghost,0,,1,,Bielefeld
235,Make Me a Woman,2,,9/28/10,Make Me a Woman.jpg,English,0,Comics Scholars,colour,0,0,0,978-1-77046-021-8,,3.71,963,Make Me a Woman,0,,1,,Bielefeld
237,Tanpopo Vol. 1,0,,12/28/09,Tanpopo. Vol. 1.jpg,English,1,Comics Scholars,colour,1,1,0,978-1-60886-254-2,Tanpopo_Vol_1,3.78,79,Tanpopo Vol. 1,0,,1,,Bielefeld
238,"Tangles: A Story About Alzheimer's, My Mother, and Me",3,,9/10/10,"Tangles. A Story About Alzheimer's, My Mother, and Me.jpg",English,0,Comics Scholars,--> black&white,0,0,0,978-1-61608-639-8,Tangles_A_Story_About_Alzheimers_My_Mother_and_Me,4.14,1015,"Tangles: A Story About Alzheimer's, My Mother, and Me",0,0.5,0.5,,Bielefeld
239,Special Exits,0,,9/1/10,Special Exits.jpg,English,0,Comics Scholars,monochrome,0,0,0,978-1-60699-760-4,Special_Exits,3.96,1395,Special Exits,0,,1,,Bielefeld
240,An Age of License: a Travelogue,0,,9/22/14,An Age of License. A Travelogue.png,English,0,Comics Scholars,--> black&white,0,0,0,978-1-60699-768-0,An_Age_of_License_a_Travelogue,3.81,3766,An Age of License: a Travelogue,0,,1,,Bielefeld
241,"Patsy Walker, A.K.A. Hellcat! Vol. 1: Hooked On A Feline",0,,12/23/15,"Patsy Walker, A.K.A. Hellcat! Vol. 1. Hooked On A Feline.jpg",English,1,Comics Scholars,colour,1,0,0,978-1-302-90035-9,,3.97,2369,"Patsy Walker, A.K.A. Hellcat! Vol. 1: Hooked On A Feline",0,,1,,Paderborn
244,Leaving Megalopolis,0,,1/1/13,Leaving Megalopolis.png,English,0,Comics Scholars,colour,0,0,0,978-1-61655-559-7,Leaving_Megalopolis,3.77,482,Leaving Megalopolis,0,,1,,Bielefeld
245,Omega: The Unknown ,7,,9/24/08,,English,1,Comics Scholars,colour,1,0,0,978-0-7851-3052-9,Omega_The_Unknown,3.61,864,Omega: The Unknown ,0,,1,,Bielefeld
246,Becoming Unbecoming,0,,9/30/15,Becoming Unbecoming.jpg,English,0,Comics Scholars,--> black&white,0,0,0,978-1-908434-69-2,Becoming_Unbecoming,4.3,1308,Becoming Unbecoming,0,1,,,Bielefeld
247,When David Lost His Voice,0,,4/26/12,When David Lost His Voice.png,English,0,Comics Scholars,colour,0,0,0,978-1-906838-54-6,When_David_Lost_His_Voice,4.06,738,When David Lost His Voice,0,,1,,Bielefeld
248,Ode to Kirihito. Part Two,1,,3/30/10,Ode ro Kirihito. Part Two.jpg,Japanese,1,101 Outstanding Graphic Novels by Stephen Weiner,monochrome,1,1,0,978-1-934287-98-9,Ode_to_Kirihito_Part_Two,4,222,Kirihito Sanka,0,,1,,Bielefeld
249,New Spring ,0,,1/18/11,New Spring.jpg,English,1,"ComicOrg, ComicVine, LoC",colour,1,0,0,978-0-7653-2380-4,,3.93,1721,New Spring ,0,1,,,Paderborn
250,The Inhumans: By Right of Birth,3,,11/12/13,The Inhumans. By Right of Birth.jpeg,English,0,"ComicOrg, ComicVine, OSU",colour,0,0,0,978-0-7851-8504-8,The_Inhumans_By_Right_of_Birth,3.33,60,The Inhumans: By Right of Birth,0,,1,,Paderborn
251,Greenberg the Vampire,0,,1/1/86,Greenberg the Vampire.jpg,English,1,"ComicOrg, ComicVine,LoC,OSU",colour,1,0,0,978-0-7851-9791-1,Greenberg_the_Vampire,3.22,51,Greenberg the Vampire,0,,1,,Paderborn
252,The Picture of Dorian Gray: A Graphic Novel,0,,1/26/09,The Picture of Dorian Gray. A Graphic Novel.jpg,English,0,"ComicOrg, LoC, OSU",colour,0,0,0,978-1-4114-1593-5,The_Picture_of_Dorian_Gray_A_Graphic_Novel,4.13,43396,The Picture of Dorian Gray: A Graphic Novel,1,1,,,Paderborn
253,Prince of Persia: The Graphic Novel,0,,9/2/08,Prince of Persia.jpg,English,0,"ComicOrg, ComicVine, OSU",colour,0,0,0,978-1-59643-207-9,Prince_of_Persia_The_Graphic_Novel,3.01,724,Prince of Persia: The Graphic Novel,1,1,,,Bielefeld
254,A Sailor's Story,0,,8/1/87,A Sailor\u00b4s Story.jpg,English,1,"ComicVine, LoC, OSU",colour,0,1,0,978-0-486-79812-7,A_Sailors_Story,4.09,43,A Sailor's Story,0,1,,,Paderborn
255,A Game of Thrones: The Graphic Novel Vol.1,1,,3/27/12,A Game of Thrones.jpg,English,1,"ComicVine, LoC, OSU",colour,0,1,0,978-0-440-42321-8,,4.47,27632,A Game of Thrones: The Graphic Novel Vol.1,1,,1,,
256,Cousin Joseph: A Graphic Novel,0,,7/26/16,Cousin Joseph. A Graphic Novel.jpg,English,1,"ComicOrg, LoC, OSU",colour,0,1,0,978-1-63149-065-1,Cousin_Joseph_A_Graphic_Novel,3.35,194,Cousin Joseph: A Graphic Novel,0,1,,,Bielefeld
257,Kill My Mother,0,,8/25/14,Kill My Mother.jpg,English,1,"ComicOrg, LoC, OSU",colour,0,1,0,978-0-87140-314-8,Kill_My_Mother,3.21,1342,Kill My Mother,0,1,,,
258,The Cartoon History of the Universe III: From the Rise of Arabia to the Renaissance ,1,,10/17/02,The Cartoon History of the Universe III. From the Rise of Arabia to the Renaissanse.jpg,English,1,,--> black&white,0,1,0,978-0-393-32403-7,The_Cartoon_History_of_the_Universe_III_From_the_Rise_of_Arabia_to_the_Renaissance,4.29,1567,The Cartoon History of the Universe III: From the Rise of Arabia to the Renaissance ,0,1,,,Bielefeld
259,Ruins,8,,10/6/15,Ruins.jpg,English,1,,colour,0,1,0,978-1-906838-98-0,,3.8,581,Ruins,0,,1,,Paderborn
260,"Stray Bullets, Vol.1: Innocence of Nihilism ",1,,4/18/01,"Stray Bullets, Vol.1. Innocence of Nihilism.jpg",English,1,,--> black&white,0,1,0,978-1-63215-113-1,Stray_Bullets_Vol1_Innocence_of_Nihilism,4.16,739,"Stray Bullets, Vol.1: Innocence of Nihilism ",0,0.5,0.5,,Bielefeld
261,King City,0,,3/7/12,King City.jpg,English,0,,monochrome,0,0,0,978-1-60706-510-4,,3.99,2008,King City,0,,1,,Paderborn
262,Richard Stark's Parker: The Hunter,0,,6/1/09,Richard Stark\u00b4s Parker. The Hunter.jpg,English,1,,monochrome,0,1,0,978-1613773994,Richard_Starks_Parker_The_Hunter,4.2,6388,Richard Stark's Parker: The Hunter,1,1,,,Bielefeld
263,Marvels,32,,1/1/94,Marvels.jpg,English,1,,colour,1,0,0,978-0-7851-4286-7,,4.22,23223,Marvels,0,1,,,Paderborn
264,Nimona,0,,5/12/15,Nimona.jpg,English,0,,colour,0,0,0,978-0-06-227823-4,Nimona,4.19,63337,Nimona,0,,1,,Bielefeld
265,"Demon, Vol.1",8,,10/4/16,Demon. Vol.1.jpg,English,1,,colour,0,1,0,978-1-62672-452-5,Demon_Vol1,3.76,759,"Demon, Vol.1",0,,1,,Paderborn
266,Bone: The Complete Cartoon Epic in One Volume,14,,7/1/04,Bone. The Complete Cartoon Epic in One Volume.jpg,English,1,,--> black&white,0,1,0,978-1-888963-14-4, Bone_The_Complete_Cartoon_Epic_in_One_Volume,4.42,29805,Bone: The Complete Cartoon Epic in One Volume,0,,1,,Bielefeld
267,Understanding Comics: The Invisible Art ,26,,1/1/93,Understanding Comics. The Invisible Art.jpg,English,0,,--> black&white,0,0,0,978-0-06-097625-5,Understanding_Comics_The_Invisible_Art,3.97,86067,Understanding Comics: The Invisible Art ,0,,1,,Bielefeld
268,Wonder Woman: The True Amazon ,108,,10/4/16,Wonder Woman. The True Amazon.jpg,English,0,,colour,0,0,0,978-1-4012-4901-4,Wonder_Woman_The_True_Amazon,3.72,1302,Wonder Woman: The True Amazon ,0,0.5,0.5,,Bielefeld
271,My Favorite Thing Is Monsters,0,,2/14/17,My Favorite Thing Is Monsters.jpg,English,1,,colour,0,1,0,978-1-60699-959-2,,4.13,6985,My Favorite Thing Is Monsters,0,1,,,Paderborn
283,Sin City. Family Values,54,,11/1/97,Sin City. Family Values.jpeg,English,1,,--> black&white,1,0,0,978-1-59307-297-1,,3.880000114,7,Sin City. Family Values,0,,1,,Paderborn
284,Between the Sheets,1,,5/6/03,Between the Sheets.jpg,Japanese,0,,monochrome,0,0,0,1591823234,,3.019999981,110,Ai shiau Koto shika dekinai,0,,1,,Paderborn
286,The Maze Agency ,0,,1/17/06,The Maze Agency.jpg,English,1,,colour,0,0,1,1933239069,,3.74000001,27,The Maze Agency ,0,,1,,
288,The Death of Superman,7,,1/1/93,The Death of Superman.jpg,English,1,,colour,0,0,1,185286480X,,3.910000086,14656,The Death of Superman,0,,1,,
289,Dropsie Avenue,4,,12/17/05,Dropsie Avenue. The Neighborhood.jpg,English,0,,--> black&white,0,0,0,9.78039E+12,,4.199999809,840,,0,1,,,
290,Black Orchid,10,,1/1/91,Black Orchid.jpg,English,1,,colour,1,0,0,9.7814E+12,,3.720000029,9804,,0,,1,,
291,Brat Pack,0,,5/1/91,Brat Pack.jpg,English,1,,monochrome,1,0,0,9.78168E+12,,3.690000057,257,Brat Pack,0,,1,,
292,Scene of the Crime,0,,7/1/00,Scene of the Crime.jpg,English,1,,colour,1,0,0,9.78161E+12,,3.940000057,860,Scene of the Crime,0,,1,,
293,Ronin ,6,,5/9/87,Ronin.jpg,English,1,,colour,1,0,0,9.7814E+12,,3.640000105,6036,R\u014dnin,0,0.5,0.5,,
294,High Society,1,,12/22/05,High Society.jpg,English,1,,monochrome,0,0,1,9.78092E+12,,4.199999809,1589,High Society,0,1.299999952,1.299999952,1.299999952,
295,300,61,,12/28/99,300.jpg,English,1,,colour,1,0,0,9.78157E+12,,3.940000057,41176,300,0,,1,,
298,Perdita Durango,0,,12/1/95,,English,0,,monochrome,0,0,0,380771098,,3.640000105,333,,1,,1,,
299,Sandman. Season of Mists,5,,1/1/91,The Sandman. Season of Mists.jpg,English,0,,colour,0,0,1,9.7814E+12,,4.539999962,55661,,0,0.5,0.5,,
300,Sin City. A Dame to Kill For,0,,11/1/94,Sin City. A Dame to Kill For.jpg,English,1,,--> black&white,1,0,0,9.78159E+12,,4.159999847,25124,"Sin City, Vol. 2: A Dame to Kill For",0,,1,,
301,A Family Matter,0,,1/1/98,A Family Matter.jpg,English,0,,monochrome,0,0,0,9.78039E+12,,3.880000114,332,,0,,1,,
302,Invisible People,2,,1/1/93,Invisible People.jpg,English,0,,--> black&white,0,0,0,9.78039E+12,,3.99000001,422,,0,1,,,
303,Death: The Time of Your Life,1,,11/1/97,Death. The Time of Your Life.jpg,English,1,,colour,1,0,0,9.78156E+12,,4.420000076,12418,,0,,1,,
304,Batman & Dracula: Red Rain ,0,,11/1/92,Batman & Dracula. Red Rain.jpg,English,0,,colour,0,0,0,1563890364,,3.640000105,2590,,0,,1,,
307,"Saga of the Swamp Thing, Book 4",5,,8/1/01,"Saga of the Swamp Thing, Book 4.jpg",English,1,,colour,0,0,1,9.7814E+12,,4.320000172,5973,Swamp Thing Vol. 4: A Murder of Crows,0,,1,,
308,Church and State I ,0,,6/1/87,Church and State I.jpg,English,1,,monochrome,0,0,1,919359094,,4.289999962,1235,,0,1,,,
312,Wolverine,22,,1/3/07,Wolverine.jpg,English,0,,colour,0,0,0,9.78079E+12,,4.010000229,7429,,0,,1,,
313,Batman: Arkham Asylum. A Serious House on Serious Earth ,1,,1/1/89,Batman. Arkham Asylum. A Serious House on Serious Earth.jpg,English,0,,colour,0,0,0,9.7814E+12,,4.099999905,53251,,0,,1,,
314,Camelot 3000,7,,3/1/88,Camelot 3000.jpg,English,1,,colour,1,1,0,9.7814E+12,,3.799999952,1141,Camelot 3000,0,,,1,
315,Love and Rockets. Vol. 1: Music for Mechanics ,0,,12/27/85,"Love and Rockets, Vol. 1. Music for Mechanics.jpg",English,1,,--> black&white,1,1,0,093019312X,,4.199999809,1854,"Love and Rockets, Volume 1",0,,,1,
329,Crimson Volume One,5,,8/26/15,Crimson Volume One.jpg,English,1,,colour,1,1,0,978-1608867158,,3.579999924,43,,0,0.5,0.5,,
332,Elric of Melnibone,0,,1/1/73,Elric of Melnibone.jpg,English,1,,colour,0,1,0,9.78178E+12,,3.890000105,21720,,1,1,,,
333,The Cartoon History of the United States,0,,1/1/87,The Cartoon History of the United States.jpg,English,0,,--> black&white,0,1,0,9.78006E+12,,3.970000029,797,,0,0.5,0.5,,
334,Voodoo Child. The Illustrated Legend of Jimi Hendrix,0,,11/27/95,Voodoo Child. The Illustrated Legend of Jimi Hendrix.jpg,English,0,,colour,0,0,0,9.78067E+12,,4.050000191,128,,0,1,,,
335,A Complete Lowlife ,0,,7/2/01,A Complete Lowlife.jpg,English,1,,--> black&white,1,1,0,1891830201,,3.519999981,309,,0,0.5,0.5,,