21,SC,,0,English,1,64,"Seattle, USA",Fantagraphics,6.6 x 0.1 x 10.2 inches,1996-05-01,6.59999990463257,0.1,10.2,inches
23,HC,1 edition,0,English,1,68,"Seattle, USA",Vertigo,9.1 x 0.6 x 12.1 inches,2012-12-01,9.1,0.6,12.1,inches
24,SC,Reprint Edition,1,English,4,208,"New York, USA",W. W. Norton and Company,7.1 x 0.6 x 9.9 inches,2006-12-17,7.1,0.6,9.9,inches
25,SC,,2,English,1,843,"Montreal, Canada",Drawn and Quarterly,6.6 x 2.2 x 8.7 inches,2009-04-14,6.6,2.2,8.7,inches
26,HC,,3,English,1,104,"Rantoul, USA",Avatar Press,8.8 x 0.5 x 11.2 inches,2003-08-18,8.8,0.5,11.2,inches
27,SC,,3,English,1,104,"Rantoul, USA",Avatar Press,8.8 x 0.2 x 11 inches,2011-12-01,8.8,0.2,11.0,inches
28,HC,1st edition,4,English,1,153,"Los Angeles, USA",Archaia,8 x 0.8 x 12 inches,2011-12-27,8.0,0.8,12.0,inches
29,SC,,4,English,1,120,"Los Angeles, USA",Archaia,8.2 x 11 inches,2012-12-11,8.2,0.800000011920929,11.0,inches
30,HC,Slp edition,5,English,1,496,"New York, USA",DC Comics,8.6 x 1.6 x 12.8 inches,2009-11-17,8.6,1.6,12.8,inches
31,HC,First Edition,6,English,1,504,"New York, USA",Marvel,19.7 x 2.5 x 28.6 cm,2013-09-17,7.80000019073486,1.0,11.1999998092651,inches
32,SC,First Edition,6,English,1,288,"New York City, USA",Marvel,6.8 x 0.5 x 10.2 inches,2014-05-27,6.8,0.5,10.2,inches
33,SC,1st edition,7,English,1,363,"New York, USA",Kodansha Comics,7 x 1.1 x 9.9 inches,2009-10-13,7.0,1.1,9.9,inches
34,SC,Reprint Edition,8,English,2,233,"New York, USA",First Second,5.5 x 0.5 x 8.2 inches,2006-12-23,5.5,0.5,8.2,inches
35,HC,,8,English,2,240,"New York City, USA",First Second,6.4 x 0.9 x 8.7 inches,2007-01-01,6.4,0.9,8.7,inches
37,HC,Gph edition,10,English,,209,"New York, USA",Villard,7.3 x 0.8 x 9.6 inches,2008-09-09,7.3,0.8,9.6,inches
38,HC,First Edition,11,English,,344,"New York City, USA",Pantheon,8 x 1.2 x 10.5 inches,2009-07-07,8.0,1.2,10.5,inches
41,SC,First Edition,13,English,1,284,"San Francisco, USA",Last Gasp,6 x 0.8 x 8 inches,2004-09-01,6.0,0.8,8.0,inches
44,SC,New edition,15,English,1,400,"New York, USA",DC Comics,6.6 x 0.5 x 10.2 inches,2014-02-18,6.6,0.5,10.2,inches
45,SC,,16,English,4,224,"New York, USA",DC Comics,6.6 x 0.4 x 10.2 inches,2002-12-01,6.6,0.4,10.2,inches
48,SC,,18,English,2,384,"New York, USA",DC Comics,6.6 x 0.6 x 10.2 inches,2011-10-11,6.6,0.6,10.2,inches
49,SC,De Luxe edition,19,English,1,96,"New York, USA",DC Comics,6.7 x 0.3 x 10.2 inches,2007-01-10,6.7,0.3,10.2,inches
50,HC,1st edition,19,English,1,96,"New York, USA",DC Comics,10.3 x 6.9 x 0.7 inches,1988-01-01,6.90000009536743,0.699999988079071,10.3000001907349,inches
51,HC,1St Edition edition,20,English,1,168,"Milwaukee, USA",Dark Horse,8 x 0.8 x 11.3 inches,2010-07-06,8.0,0.8,11.3,inches
52,SC,1st Printing edition,21,English,1,66,"Stevenage, UK",Markosia Enterprises Ltd,6.7 x 0.2 x 9.6 inches,2007-10-01,6.7,0.2,9.6,inches
53,SC,1st edition,22,English,1,210,"Montreal, Canada",Drawn and Quarterly,7.5 x 0.7 x 10 inches,2008-09-16,7.5,0.7,10.0,inches
54,SC,1st edition,23,English,1,209,"Montreal, Canada",Drawn and Quarterly,7.4 x 0.8 x 9.3 inches,2000-06-01,7.4,0.8,9.3,inches
55,HC,,24,English,4,352,"New York City, USA",Pantheon,6.9 x 1.5 x 9.5 inches,2005-10-18,6.9,1.5,9.5,inches
56,SC,Reprint edition,24,English,4,368,"New York City, USA",Pantheon,6.6 x 1.3 x 9.3 inches,2008-01-08,6.6,1.3,9.3,inches
57,SC,,158,English,3,592,"Marietta, USA",Top Shelf Productions,6.5 x 1.5 x 9.8 inches,2003-08-05,6.5,1.5,9.8,inches
58,HC,New edition,158,English,3,592,"Marietta, USA",Top Shelf Productions,1.8 x 7.2 x 9 inches,2011-08-23,7.19999980926514,1.79999995231628,9.0,inches
59,HC,1st edition,25,English,1,400,"New York City, USA",Vertical,6.2 x 1.3 x 8 inches,2003-10-01,6.2,1.3,8.0,inches
60,SC,1st edition,25,English,1,400,"New York City, USA",Vertical,6 x 1.2 x 8 inches,2006-05-02,6.0,1.2,8.0,inches
62,HC,Box Pck edition,26,English,2,260,"New York City, USA",Pantheon,11.7 x 1.9 x 16.6 inches,2012-10-02,11.7,1.9,16.6,inches
63,SC,,27,English,1,496,"Milwaukee, USA",Dark Horse,8.6 x 1.3 x 11.2 inches,2010-08-25,8.6,1.3,11.2,inches
64,HC,,27,English,1,496,"New York City, USA",NBM Publishing,11.5 x 8.8 x 1.4 inches,2002-04-01,8.80000019073486,1.39999997615814,11.5,inches
65,SC,,28,English,1,160,"New York, USA",Vertigo,6.9 x 0.4 x 9 inches,2008-10-07,6.9,0.4,9.0,inches
66,HC,,28,English,1,160,"New York City, USA",Vertigo,7.2 x 0.6 x 9.4 inches,2007-11-07,7.2,0.6,9.4,inches
67,SC,Reprint edition,30,English,1,210,"New York City, USA",Pantheon,,2009-09-29,7.59999990463257,0.600000023841858,8.0,inches
68,HC,1 edition,30,English,1,224,"New York City, USA",Knopf,,2006-09-26,7.80000019073486,0.800000011920929,8.19999980926514,inches
69,HC,First Edition edition,29,English,1,228,"New York, USA",Bloomsbury USA,7.7 x 0.9 x 9.5 inches,2014-05-06,7.7,0.9,9.5,inches
70,SC,,31,English,1,224,"Marietta, USA",Top Shelf Productions,0.8 x 5.5 x 7.5 inches,2004-08-03,5.5,0.800000011920929,7.5,inches
71,HC,1 edition,32,English,1,464,"Seattle, USA",Fantagraphics,5.9 x 1.6 x 8.3 inches,2013-05-17,5.9,1.6,8.3,inches
74,SC,Reprint edition,34,English,1,144,"New York, USA",Picador,5.5 x 0.3 x 8.2 inches,2004-08-01,5.5,0.3,8.2,inches
75,SC,"1ª ed, 1ª imp edition",35,Spanish,1,144,"Madrid, Spain",Alfaguara,6.2 x 0.4 x 8.5 inches,2011-02-15,6.2,0.4,8.5,inches
76,HC,"1ª ed, 1ª imp edition",35,Spanish,1,144,"Madrid, Spain",Alfaguara,6.1 x 0.4 x 8.5 inches,2012-04-11,6.1,0.4,8.5,inches
77,HC,,36,English,2,512,"New York, USA",Marvel,,2008-11-26,7.59999990463257,1.10000002384186,11.1999998092651,inches
78,SC,,36,English,2,208,"New York City, USA",Marvel,6.8 x 0.4 x 10.2 inches,2007-04-11,6.8,0.4,10.2,inches
79,SC,,37,English,1,208,"Berkeley, USA",Image Comics,0.5 x 6.5 x 10 inches,2014-01-21,6.5,0.5,10.0,inches
80,SC,,38,English,1,112,"New Delhi, India",Penguin Books,8.5 x 6.3 x 0.4 inches,2004-03-01,6.30000019073486,0.400000005960464,8.5,inches
82,SC,,40,English,2,203,"New York, USA",Marvel,6.6 x 0.5 x 10.1 inches,2010-01-20,6.6,0.5,10.1,inches
83,HC,1st Edition,40,English,2,248,"New York City, USA",Marvel,10.4 x 6.9 x 0.8 inches,2010-01-01,6.90000009536743,0.800000011920929,10.3999996185303,inches
84,SC,,41,English,1,155,"New York, USA",Marvel,6.8 x 0.5 x 10.2 inches,2010-06-16,6.8,0.5,10.2,inches
85,SC,1st Edition,42,English,1,250,"Tuscaloosa, USA",University Alabama Press,6.1 x 0.8 x 9.2 inches,2012-03-01,6.1,0.8,9.2,inches
86,SC,1st edition,43,English,2,248,"New York, USA",DC Comics,6.7 x 0.6 x 10.2 inches,2011-02-08,6.7,0.6,10.2,inches
87,HC,Deluxe edition,43,English,2,272,"New York City, USA",Vertigo,7.5 x 0.9 x 11.2 inches,2014-04-22,7.5,0.9,11.2,inches
88,SC,The Deluxe Edition,44,English,1,511,"New York, USA",DC Comics,,2004-12-01,6.69999980926514,1.10000002384186,10.1999998092651,inches
89,SC,,45,English,1,96,"New York, USA",Marvel,6.8 x 0.2 x 10.2 inches,2012-11-14,6.8,0.2,10.2,inches
90,SC,,46,English,1,78,"New York, USA",First Second,6.1 x 0.3 x 8.5 inches,2006-05-02,6.1,0.3,8.5,inches
92,HC,,48,Spanish,1,240,"New York City, USA",Arcade Publishing ,7 x 1.3 x 9.7 inches,2016-05-03,6.30000019073486,0.899999976158142,9.30000019073486,inches
94,HC,First Edition,50,English,1,80,"New York, USA",Marvel,12 x 9.3 x 5 inches,1991-01-01,9.30000019073486,0.5,12.0,inches
95,SC,First Printing Edition,50,English,1,73,"New York City, USA",Marvel,8.4 x 5.8 x 0.7 inches,1996-01-01,5.80000019073486,0.699999988079071,8.39999961853027,inches
96,SC,Reprint Edition,51,English,3,368,"New York City, USA",Pantheon,6.5 x 1 x 8.7 inches,2006-07-04,6.5,1.0,8.7,inches
97,HC,,51,English,3,368,"New York City, USA",Pantheon,6.7 x 1.3 x 9 inches,2005-01-04,6.7,1.3,9.0,inches
98,HC,,52,English,2,168,"Montreal, Canada",Drawn and Quarterly,9.3 x 7.1 x 0.9 inches,2007-06-12,7.09999990463257,0.899999976158142,9.30000019073486,inches
99,SC,,52,English,2,174,"Montreal, Canada",Drawn and Quarterly,6.5 x 0.7 x 9 inches,2008-12-23,6.5,0.7,9.0,inches
100,HC,1st Edition,53,English,1,144,"New York, USA",Vertigo,6.9 x 0.6 x 10.4 inches,2006-10-18,6.9,0.6,10.4,inches
101,SC,2.4.2008 edition,53,English,1,140,"New York City, USA",Vertigo,6.6 x 0.3 x 10.2 inches,2006-10-18,6.6,0.3,10.2,inches
102,SC,Gph edition,54,English,1,180,"Milwaukee, USA",Dark Horse,11.1 x 8.6 x 0.9 inches,1996-10-15,8.60000038146973,0.899999976158142,11.1000003814697,inches
106,SC,New edition,57,English,3,572,"Marietta, Georgia, USA",Top Shelf Productions,1.5 x 7.8 x 10.2 inches,2004-06-08,7.80000019073486,1.5,10.2,inches
107,HC,,57,English,3,560,"Marietta, Georgia, USA",Top Shelf Productions,1.5 x 7.2 x 10 inches,2008-04-18,7.19999980926514,1.5,10.0,inches
108,HC,1St Edition,58,English,5,240,"Boston, USA",Houghton Mifflin Harcourt,8.6.2006,2006-06-08,6.0,0.699999988079071,9.0,inches
109,SC,Reprint edition,58,English,5,232,"Boston, USA",Houghton Mifflin Harcourt,6 x 0.7 x 9 inches,2007-06-05,6.0,0.7,9.0,inches
110,SC,Original edition,59,English,1,256,"New York, USA",Secret Acres,0.8 x 5.5 x 8.5 inches,2010-12-01,5.5,0.800000011920929,8.5,inches
111,HC,1st edition,60,English,3,112,"New York City, USA",Pantheon,7.8 x 0.6 x 12.3 inches,2005-02-01,7.8,0.6,12.3,inches
112,SC,New edition,60,English,3,104,"New York City, USA",Pantheon,6.6 x 0.3 x 11.3 inches,2001-01-01,6.6,0.3,11.3,inches
113,HC,Special edition,61,English,2,232,"Seattle, USA",Fantagraphics,8 x 1.1 x 11.1 inches,2008-09-10,8.0,1.1,11.1,inches
114,SC,,61,English,2,80,"Seattle, USA",Fantagraphics,6.7 x 0.3 x 10.2 inches,2001-04-01,6.7,0.3,10.2,inches
116,HC,Library edition,63,English,2,288,"Milwaukee, USA",Dark Horse,9.3 x 1.2 x 12.1 inches,2008-05-20,9.3,1.2,12.1,inches
117,HC,,64,English,1,281,"Milwaukee, USA",Dark Horse,9.2 x 1.3 x 12.1 inches,2008-10-21,9.2,1.3,12.1,inches
118,SC,Reissue edition,65,English,1,238,"Montreal, Canada",Drawn and Quarterly,6.4 x 0.8 x 9.6 inches,2014-07-01,6.4,0.8,9.6,inches
119,HC,,66,English,1,208,"New York, USA",Vertigo,,2010-11-09,6.0,0.400000005960464,9.0,inches
120,SC,,66,English,1,208,"New York City, USA",Vertigo,6 x 0.4 x 9 inches,2011-08-30,6.0,0.4,9.0,inches
121,SC,2nd edition,67,English,1,185,"Montreal, Canada",Drawn and Quarterly,5.5 x 0.6 x 8.5 inches,2002-02-15,5.5,0.6,8.5,inches
122,HC,,67,English,1,187,"Montreal, Canada",Drawn and Quarterly,01.01.94,1994-01-01,,,,
124,SC,,69,English,2,256,"New York, USA",Marvel,6.8 x 0.5 x 10.2 inches,2011-09-28,6.8,0.5,10.2,inches
125,HC,,69,English,2,256,"New York City, USA",Marvel,7 x 0.8 x 10.5 inches,2010-07-28,7.0,0.8,10.5,inches
126,HC,,70,English,1,134,"New York, USA",Vertigo,7 x 0.5 x 10.5 inches,2004-05-01,7.0,0.5,10.5,inches
127,SC,,70,English,1,124,"New York City, USA",Vertigo,6.6 x 0.2 x 10.2 inches,2005-03-01,6.6,0.2,10.2,inches
128,SC,2nd edition,71,English,3,164,"Montreal, Canada",Drawn and Quarterly,6.1 x 0.7 x 8.9 inches,2003-07-01,6.1,0.7,8.9,inches
129,HC,2nd edition,71,English,3,176,"Montreal, Canada",Drawn and Quarterly,9 x 6.7 x 0.8 inches,2000-08-01,6.69999980926514,0.800000011920929,9.0,inches
132,HC,First Edition edition,73,English,4,380,"New York City, USA",Pantheon,6.8 x 1.6 x 8.4 inches,2000-09-12,8.39999961853027,1.6,6.80000019073486,inches
133,SC,New edition,73,English,4,380,"New York City, USA",Pantheon,6.4 x 1.3 x 8 inches,2003-04-29,6.4,1.3,8.0,inches
136,HC,,76,Spanish,1,285,"London, UK",M Q Publications,6.7 x 0.6 x 9.4 inches,2007-02-01,7.09999990463257,1.70000004768372,9.69999980926514,inches
137,SC,Original Edition,77,English,1,352,"New York, USA",Bloomsbury USA,5.1 x 0.9 x 9.3 inches,2009-09-29,5.1,0.9,9.3,inches
138,SC,,78,English,1,712,"Milwaukee, USA",Dark Horse,5.1 x 2.2 x 7.2 inches,2013-06-04,5.1,2.2,7.2,inches
139,HC,,79,English,1,320,"Marietta, Georgia, USA",Top Shelf Productions,9 x 2 x 12 inches,2009-07-28,9.0,2.0,12.0,inches
141,SC,1st edition,81,English,1,261,"Seattle, USA",Fantagraphics,7.6 x 0.9 x 11 inches,2003-06-17,7.6,0.9,11.0,inches
142,SC,,82,English,1,237,"New York, USA",Penguin Group,5.9 x 0.8 x 9 inches,2012-11-06,5.9,0.8,9.0,inches
143,SC,First Edition,83,English,2,121,"Marietta, Georgia, USA",Top Shelf Productions,0.5 x 6.5 x 9.2 inches,2013-08-13,6.5,0.5,9.2,inches
144,SC,,84,English,1,179,"Marietta, Georgia, USA",Top Shelf Productions,0.5 x 6.5 x 9.5 inches,2015-01-20,6.5,0.5,9.5,inches
146,HC,,86,English,1,112,"New York, USA",Harry N. Abrams,7.6 x 0.6 x 5.5 inches,2009-01-01,7.6,0.6,5.5,inches
147,HC,,87,English,1,128,"Seattle, USA",Fantagraphics,7.1 x 0.8 x 9.6 inches,2009-05-05,7.1,0.8,9.6,inches
148,SC,2nd edition,87,English,1,128,"Seattle, USA",Fantagraphics,9.2 x 6.9 x 0.4 inches,2004-02-03,9.2,0.400000005960464,6.90000009536743,inches
149,SC,1 edition,88,English,1,208,"New York, USA",Doubleday,8 x 0.6 x 10.9 inches,2002-09-17,10.8999996185303,0.6,8.0,inches
150,SC,,89,English,1,200,"New York, USA",Harry N. Abrams,6 x 0.9 x 9 inches,2008-06-01,6.0,0.9,9.0,inches
151,HC,,89,English,1,208,"New York City, USA",Harry N. Abrams,6 x 1 x 9 inches,2008-06-01,6.0,1.0,9.0,inches
152,SC,2nd edition,90,English,1,478,"New York City, USA",Vertical,6 x 2.2 x 8 inches,2010-03-30,6.0,1.39999997615814,8.0,inches
153,SC,Reprint edition,91,English,2,216,"Seattle, USA",Sasquatch Books,9.5 x 0.7 x 6 inches,2005-08-30,9.5,0.7,6.0,inches
154,HC,,91,English,2,224,"Seattle, USA",Sasquatch Books,6.3 x 9.7 x 0.9 inches,2002-08-13,9.69999980926514,0.899999976158142,6.30000019073486,inches
157,SC,,94,English,2,252,"New York, USA",Four Walls Eight Windows,10 x 8 x 0.4 inches,1994-10-13,8.0,0.400000005960464,10.0,inches
158,SC,1st edition,95,English,2,285,"Seattle, USA",Fantagraphics,7.2 x 0.9 x 10.8 inches,2001-12-17,7.2,0.9,10.8,inches
159,HC,1st edition,96,English,1,512,"Seattle, USA",Fantagraphics,0.9 x 0.2 x 1.1 inches,2003-11-17,7.5,0.699999988079071,9.0,inches
160,SC,First Edition,97,English,1,145,"Montreal, Canada",Drawn and Quarterly,7.6 x 0.6 x 9.9 inches,2002-08-01,7.6,0.6,9.9,inches
161,SC,Reprint edition,98,English,1,143,"Montreal, Canada",Conundrum Press,0.5 x 7.2 x 9.5 inches,2013-05-23,7.19999980926514,0.5,9.5,inches
162,SC,,99,English,1,180,"New York, USA","Henry Holt and Company, LLC",6.4 x 0.5 x 9.1 inches,2009-03-31,6.4,0.5,9.1,inches
163,SC,,100,English,1,362,"Montreal, Canada",Drawn and Quarterly,10 x 6.5 x 0.2 inches,2011-04-26,6.5,1.10000002384186,8.80000019073486,inches
164,SC,1st edition,101,English,1,176,"Montreal, Canada",Drawn and Quarterly,6 x 0.5 x 8.5 inches,2007-05-01,6.0,0.5,8.5,inches
165,HC,1St Edition,102,English,1,468,"Columbus, USA",Cartoon Books,1.5 x 8 x 10.2 inches,2013-09-17,8.0,1.5,10.2,inches
166,SC,Reprint edition,103,English,1,108,"Vancouver, Canada",Douglas and McIntyre,8.6 x 7.9 x 0.4 inches,2014-09-30,8.6,0.400000005960464,7.90000009536743,inches
167,HC,,103,English,1,120,"Vancouver, Canada",Douglas and McIntyre,9 x 8.4 x 0.6 inches,2010-02-23,9.0,0.600000023841858,8.39999961853027,inches
170,HC,,105,English,1,96,"San Diego, USA",IDW Publishing,13.7 x 9.4 x 1.7 inches,2013-12-26,6.80000019073486,0.800000011920929,9.5,inches
171,HC,Anv Spl Dl edition,106,English,2,272,"Seattle, USA",Fantagraphics,9.5.2011,2011-05-09,10.3999996185303,0.899999976158142,7.80000019073486,inches
172,SC,,106,English,2,227,"Seattle, USA",Fantagraphics,7.6 x 0.6 x 10 inches,2002-01-17,7.6,0.600000023841858,10.0,inches
175,HC,,108,English,1,80,"New York, USA",First Second,6.4 x 0.6 x 8.7 inches,2011-12-06,6.4,0.6,8.7,inches
178,HC,1st edition,111,English,3,104,"Montreal, Canada",Drawn and Quarterly,7.1 x 0.8 x 9.1 inches,2007-10-02,7.1,0.8,9.1,inches
179,SC,1st Reprint edition,111,English,3,108,"Montreal, Canada",Drawn and Quarterly,6.6 x 0.4 x 9.2 inches,2009-04-28,6.6,0.4,9.2,inches
180,SC,Gph edition,112,English,2,117,"Milwaukee, USA",Dark Horse,0.2 x 8.8 x 11.5 inches,1992-10-13,8.80000019073486,0.200000002980232,11.5,inches
181,HC,New edition,112,English,2,117,"Milwaukee, USA",Dark Horse,9.2 x 0.6 x 11.9 inches,2007-12-18,9.2,0.6,11.9,inches
182,HC,,113,English,1,117,"Milwaukee, USA",Dark Horse,,1993-08-10,6.59999990463257,0.5,10.1000003814697,inches
183,SC,2nd Printing Edition,113,English,1,200,"Milwaukee, USA",Dark Horse,10.1 x 6.6 x 0.5 inches,1992-01-01,6.59999990463257,0.5,10.1000003814697,inches
184,HC,First Edition,114,English,1,142,"Toronto, Canada",Groundwood Books,0.8 x 7 x 10.2 inches,2008-02-28,7.0,0.800000011920929,10.2,inches
185,SC,Reprint Edition,114,English,1,144,"Toronto, Canada",Groundwood Books,10 x 6.9 x 0.4 inches,2010-02-23,6.90000009536743,0.400000005960464,10.1000003814697,inches
186,SC,,115,English,2,210,"New York, USA",DC Comics,7 x 0.5 x 8.8 inches,2000-03-01,7.0,0.5,8.8,inches
187,HC,,115,English,2,224,"New York City, USA",Vertigo,7 x 0.6 x 9.2 inches,2010-06-08,7.0,0.6,9.2,inches
189,HC,Deluxe edition,117,English,1,168,"New York, USA",DC Comics,7.4 x 0.5 x 11 inches,2009-11-17,7.4,0.5,11.0,inches
190,SC,New edition,117,English,1,168,"New York City, USA",DC Comics,6.6 x 0.3 x 10.2 inches,2014-04-08,6.6,0.3,10.2,inches
191,HC,First Edition first Printing edition,118,English,1,216,"Marietta, Georgia, USA",Top Shelf Productions,6.5 x 0.5 x 9.5 inches,2008-12-02,6.5,0.5,9.5,inches
192,SC,,119,English,2,,"London, UK",Hodder Childrens Books,7 x 0.5 x 11.6 inches,2014-01-01,6.69999980926514,0.5,9.10000038146973,inches
193,HC,First Edition,119,English,2,128,"New York City, USA",Levine Books ,0.5 x 9 x 12 inches,2007-10-01,8.89999961853027,0.5,11.8000001907349,inches
194,SC,,120,English,1,263,"New York City, USA",Penguin Global,9.2 x 6.6 x 0.8 inches,2007-01-09,6.19999980926514,1.0,9.19999980926514,inches
195,HC,1 edition,121,English,2,224,"New York, USA",W. W. Norton and Company,8.9 x 1 x 11.2 inches,2009-10-19,8.9,1.0,11.2,inches
196,HC,Deluxe edition,122,English,1,208,"New York, USA",Vertigo,7.4 x 0.6 x 11.2 inches,2013-01-29,7.4,0.6,11.2,inches
197,SC,,122,English,1,198,"New York City, USA",Vertigo,6.6 x 0.3 x 10.2 inches,2014-04-29,6.6,1.0,7.40000009536743,inches
198,SC,Original edition,123,English,1,67,"New York, USA",NBM Publishing,6.5 x 0.3 x 9.5 inches,1997-09-01,6.5,0.3,9.5,inches
199,HC,1 edition,124,English,1,160,"New York City, USA",Pantheon,6.6 x 0.8 x 8.7 inches,2002-09-24,6.6,0.8,8.7,inches
201,SC,1St Edition,126,English,1,510,"Marietta, Georgia, USA",Top Shelf Productions,6.5 x 1.8 x 9 inches,2009-09-01,6.5,1.8,9.0,inches
203,HC,,127,English,,295,"New York City, USA",Pantheon,6.5 x 1.2 x 9.4 inches,1996-11-19,6.5,1.2,9.4,inches
204,SC,First Edition,128,English,5,341,"New York City, USA",Pantheon,6 x 1 x 8.9 inches,2007-10-30,6.0,1.0,8.9,inches
205,SC,,129,English,1,128,"New York, USA",Marlowe and Company,10.8 x 8.4 x 0.4 inches,2003-12-01,8.39999961853027,0.400000005960464,10.8000001907349,inches
208,SC,English Language edition,131,English,1,248,"Seattle, USA",Sasquatch Books,8.5 x 0.4 x 10 inches,2000-09-26,8.5,0.4,10.0,inches
209,SC,,132,English,2,184,"Seattle, USA",Jet City Comics,7 x 0.4 x 10 inches,2013-11-05,7.0,0.4,10.0,inches
210,HC,,133,English,1,309,"Los Angeles, USA","Humanoids, Inc",8.1 x 1 x 10.7 inches,2015-09-24,8.1,1.0,10.7,inches
211,HC,1 edition,134,English,1,97,"New York City, USA",Pantheon,0.5 x 8.5 x 9.2 inches,1998-12-07,8.5,0.5,9.2,inches
212,SC,Reprint edition,134,English,1,97,"New York City, USA",Pantheon,8.1 x 0.2 x 8.4 inches,2000-12-26,8.1,0.2,8.4,inches
213,SC,Reprint edition,135,English,1,79,"New York, USA",Crown,6.2 x 0.2 x 9.1 inches,2004-07-20,6.2,0.2,9.1,inches
214,SC,,136,English,1,167,"New York, USA",W. W. Norton and Company,7 x 0.6 x 10 inches,2008-11-17,7.0,0.6,10.0,inches
215,HC,,136,English,1,168,"New York City, USA",W. W. Norton and Company,7.8 x 0.8 x 10.2 inches,2002-01-01,7.8,0.8,10.2,inches
216,HC,First Edition ~1st Printing edition,137,English,1,160,"New York, USA",Vertigo,7.2 x 0.5 x 9.2 inches,2004-11-03,7.2,0.5,9.2,inches
217,SC,,137,English,1,160,"New York City, USA",Vertigo,6.9 x 0.4 x 9 inches,2006-01-01,6.9,0.4,9.0,inches
218,SC,,138,English,1,260,"New York, USA",First Second,9 x 0.8 x 11.7 inches,2009-05-12,9.0,0.8,11.7,inches
219,HC,,139,English,1,222,"Montreal, Canada",Drawn and Quarterly,6.7 x 1.1 x 9.2 inches,2013-05-14,6.7,1.1,9.2,inches
220,HC,,140,English,1,526,"New York, USA",Dover Publications,16.9.2015,2015-09-16,7.0,2.0,10.0,inches
225,SC,,144,English,1,176,"Seattle, USA",Jet City Comics,6.5 x 0.8 x 10 inches,2014-01-21,6.5,0.8,10.0,inches
226,HC,2 edition,145,English,2,136,"Milwaukee, USA",Dark Horse,6.9 x 0.6 x 10.4 inches,2010-05-11,6.9,0.6,10.4,inches
228,HC,1st Edition,147,English,1,315,"New York City, USA",Pantheon,7.3 x 1.1 x 10.3 inches,2015-04-21,7.3,1.1,10.3,inches
229,SC,,148,English,1,96,"New York, USA",DC Comics,8.6 x 0.2 x 11.6 inches,1995-09-01,8.6,0.2,11.6,inches
231,SC,Reprint edition,150,English,2,206,"New York, USA",W. W. Norton and Company,7 x 0.7 x 10 inches,2008-11-17,7.0,0.7,10.0,inches
232,HC,First Edition,150,English,2,208,"New York City, USA",W. W. Norton and Company,10.1 x 7.6 x 0.6 inches,1991-01-01,7.59999990463257,0.600000023841858,10.1000003814697,inches
233,SC,,151,English,1,112,"La Jolla, USA",WildStorm,6.6 x 0.2 x 10.2 inches,2006-03-22,6.6,0.2,10.2,inches
234,HC,,151,English,1,112,"La Jolla, USA",WildStorm,7 x 0.6 x 10.5 inches,2005-08-01,7.0,0.6,10.5,inches
235,SC,First Printing edition,152,English,1,96,"London, UK",Fleetway Publications,10.2 x 6.6 x 0.4 inches,1990-02-01,6.59999990463257,0.400000005960464,10.1999998092651,inches
236,HC,First Edition,153,English,1,204,"New York, USA",Schocken Books and Random House,7.6 x 0.8 x 9.4 inches,2012-04-03,7.6,0.8,9.4,inches
238,SC,New edition,155,English,3,296,"New York, USA",DC Comics,6.6 x 0.6 x 10.2 inches,2008-10-24,6.6,0.6,10.2,inches
239,SC,Reprint edition,156,English,5,448,"New York, USA",DC Comics,6.6 x 1 x 10.2 inches,2014-05-13,6.6,1.0,10.2,inches
240,HC,Deluxe edition,156,English,5,448,"New York City, USA",DC Comics,7.4 x 1.3 x 11.2 inches,2013-06-04,7.4,1.3,11.2,inches
243,SC,,163,English,,199,"New York, USA",Vertigo,,2004-08-31,8.19999980926514,0.400000005960464,10.8000001907349,inches
244,SC,,162,English,,142,"Montreal, Canada",Drawn and Quarterly,,2003-09-01,6.69999980926514,0.5,9.0,inches
245,SC,Reprint Edition,164,English,,140,"New York, USA",W. W. Norton and Company,,2006-12-17,7.0,0.5,10.0,inches
246,HC,Limited edition,164,English,,139,"Princeton, USA",Kitchen Sink Press,,1988-05-01,7.19999980926514,0.699999988079071,10.3000001907349,inches
247,HC,,162,,,,"Montreal, Canada",Black Eye Books,,1997-01-01,,,,
248,SC,Reprint Edition,165,English,,184,"New York, USA",W. W. Norton and Company,,2006-03-17,8.30000019073486,0.699999988079071,11.0,inches
249,HC,,165,English,,192,"Princeton, USA",Kitchen Sink Press,,1990-10-01,9.0,0.800000011920929,11.8000001907349,inches
252,SC,,167,English,,183,"Seattle, USA",Fantagraphics,,1997-10-01,10.3000001907349,0.600000023841858,8.0,inches
253,HC,1st Edition,167,English,,183,"New York City, USA",Random House Inc,,1979-11-01,10.6000003814697,1.10000002384186,8.19999980926514,inches
254,SC,,168,English,,113,"Milwaukee, USA",Horse Press,,1998-01-01,9.5,0.5,12.6000003814697,inches
258,SC,Reprint Edition,169,English,,289,"Boston, USA",Mariner Books,,2013-03-02,6.0,0.800000011920929,9.0,inches
259,HC,First Edition,169,English,,304,"Boston, USA",Houghton Mifflin Harcourt,,2012-05-01,6.19999980926514,1.0,9.19999980926514,inches
260,SC,Revised Edition,170,English,,293,"Berkeley, USA",North Atlantic Books,,2015-07-21,6.5,0.800000011920929,9.19999980926514,inches
261,HC,,170,English,,320,"Berkeley, USA",Frog Books,,2003-02-28,6.80000019073486,1.29999995231628,9.5,inches
262,HC,First Edition,173,English,,656,"New York City, USA",Pantheon,,2011-09-20,7.30000019073486,2.0,9.19999980926514,inches
264,SC,Expanded Edition,172,English,,174,"London, UK",Blank Slate,,2013-09-26,14.6999998092651,1.29999995231628,21.0,inches
265,HC,,172,English,,139,"New York City, USA",Bloomsbury USA,,2011-02-01,13.8999996185303,1.5,21.3999996185303,inches
266,SC,Reprint Edition,171,English,,325,"New York, USA",W. W. Norton and Company,,2010-09-13,7.0,0.899999976158142,9.0,inches
267,HC,,171,English,,336,"New York City, USA",W. W. Norton and Company,,2009-09-08,7.40000009536743,1.10000002384186,9.30000019073486,inches
268,HC,First Edition,174,English,,120,"Marietta, Georgia, USA",Top Shelf Productions,,2012-05-03,6.59999990463257,0.699999988079071,9.19999980926514,inches
270,HC,First Edition,175,English,,432,"New York, USA",Metropolitan Books,,2009-12-22,8.10000038146973,1.20000004768372,10.8000001907349,inches
271,SC,,175,English,,432,"New York City, USA",Metropolitan Books,,2010-10-12,7.59999990463257,1.20000004768372,10.3999996185303,inches
272,SC,First Edition,176,English,,119,"Seattle, USA",Fantagraphics,,2014-11-02,7.09999990463257,0.5,10.5,inches
273,HC,,177,English,,352,"London, UK",Fourth Estate,,2015-06-18,6.0,1.29999995231628,9.30000019073486,inches
274,SC,,177,English,,352,London,Fourth Estate ,,2015-09-01,8.39999961853027,0.699999988079071,5.90000009536743,inches
275,HC,,178,English,,203,"Montreal, Canada",Drawn and Quarterly,,2012-05-01,6.19999980926514,1.10000002384186,9.30000019073486,inches
276,SC,First Edition,178,English,,,"Toronto, Canada",Vortex Comics Inc.,,1992-01-01,6.09999990463257,0.5,8.89999961853027,inches
277,SC,,179,English,,156,"New York, USA",Vertigo,,1998-11-01,8.5,0.400000005960464,11.0,inches
278,HC,2nd Edition,180,English,,78,"Milwaukee, USA",Dark Horse,,2013-01-19,7.0,0.400000005960464,9.5,inches
279,SC,,180,English,,80,"Milwaukee, USA",Dark Horse,,2000-07-25,8.0,0.300000011920929,11.0,inches
280,SC,First Edition,181,English,,100,"Montreal, Canada",Drawn and Quarterly,,2001-07-01,7.5,0.400000005960464,10.1000003814697,inches
281,SC,First Edition,182,English,,280,"Montreal, Canada",Drawn and Quarterly,,2006-08-22,6.19999980926514,1.0,8.89999961853027,inches
282,HC,,182,English,,260,"Montreal, Canada",Drawn and Quarterly,,2004-01-01,6.30000019073486,1.20000004768372,9.30000019073486,inches
283,HC,,183,English,,349,"Marietta, Georgia, USA",Top Shelf Productions,,2005-08-23,6.5,1.0,9.60000038146973,inches
284,SC,,184,English,,136,"New York, USA",Vertigo,,2008-01-02,6.59999990463257,0.300000011920929,10.1000003814697,inches
285,HC,Deluxe Edition,184,English,,168,"New York City, USA",Vertigo,,2014-12-09,7.30000019073486,0.600000023841858,11.1999998092651,inches
286,HC,,185,English,,125,"Marietta, USA",Top Shelf Productions,,2008-08-04,5.59999990463257,0.600000023841858,7.59999990463257,inches
287,HC,First Edition,186,English,,138,"San Diego, USA",IDW Publishing,,2012-07-24,5.90000009536743,0.899999976158142,9.10000038146973,inches
288,HC,,187,English,,135,"Milwaukee, USA",Dark Horse,,2013-11-19,8.30000019073486,0.699999988079071,12.5,inches
289,SC,,187,English,,176,"Milwaukee, USA",Dark Horse,,2016-10-25,5.90000009536743,0.899999976158142,8.30000019073486,inches
291,SC,,194,English,,184,"Berkeley, USA",Image Comics,,2009-05-26,6.5,0.400000005960464,10.1000003814697,inches
292,HC,First Edition,193,English,,496,"New York, USA",First Second,,2015-02-03,6.40000009536743,1.89999997615814,8.69999980926514,inches
293,SC,,189,English,,156,"London, UK",SelfMadeHero,,2014-10-21,6.80000019073486,0.600000023841858,9.5,inches
294,HC,First Edition,190,English,,176,"Boston, USA","Little, Brown and Company",,2013-12-03,8.80000019073486,1.0,12.1999998092651,inches
295,HC,,191,English,,204,"New York, USA",Harry N. Abrams,,2012-10-01,8.0,1.0,10.5,inches
296,SC,,192,English,,230,"London, UK",Blank Slate,,2011-11-01,7.80000019073486,0.699999988079071,10.3000001907349,inches
297,HC,,195,English,,121,"Montreal, Canada",Drawn and Quarterly,,2015-10-06,6.69999980926514,0.899999976158142,9.69999980926514,inches
298,HC,Reprint edition,196,English,,206,"New York, USA",Liveright,,2015-07-13,8.89999961853027,1.20000004768372,11.3000001907349,inches
299,SC,,197,English,,133,"Montreal, Canada",Drawn and Quarterly,,2016-01-26,7.30000019073486,0.600000023841858,8.80000019073486,inches
300,HC,,198,English,,304,"New York City, USA",Pantheon,,2014-12-09,6.80000019073486,1.10000002384186,9.60000038146973,inches
301,SC,,199,English,,156,"Vancouver, Canada",Arsenal Pulp Press,,2013-09-03,7.19999980926514,0.5,10.1999998092651,inches
302,HC,,200,English,,120,"London, UK",Nobrow Press,,2015-11-03,8.39999961853027,0.699999988079071,13.0,inches
303,SC,,201,English,,93,"Montreal, Canada",Conundrum Press,,2015-09-21,8.5,0.5,6.5,inches
304,SC,First Edition,202,English,,221,"Seattle, USA",Fantagraphics,,2016-02-15,7.80000019073486,0.800000011920929,10.1999998092651,inches
305,HC,,203,English,,280,"Montreal, Canada",Drawn and Quarterly,,2016-04-12,4.19999980926514,1.10000002384186,7.5,inches
306,SC,First Edition,204,English,,309,"Seattle, USA",Fantagraphics,,2015-09-20,6.59999990463257,1.10000002384186,9.5,inches
309,HC,First Edition,206,English,,96,"Montreal, Canada",Drawn and Quarterly,,2010-03-30,6.80000019073486,0.699999988079071,10.0,inches
310,HC,Ltd Sgd edition,207,English,,658,"Montreal, Canada",Drawn and Quarterly,,2011-08-16,7.59999990463257,2.5,9.5,inches
311,SC,,207,English,,584,"Montreal, Canada",Drawn and Quarterly,,2011-08-16,7.59999990463257,2.09999990463257,9.19999980926514,inches
312,SC,,208,English,,317,"New York, USA",First Second,,2014-05-06,6.0,0.899999976158142,8.39999961853027,inches
313,HC,,208,English,,320,"New York City, USA",First Second,,2014-05-06,6.0,1.10000002384186,8.69999980926514,inches
314,SC,,209,English,,80,"Richmond, USA",AdHouse Books,,2015-06-16,5.40000009536743,0.400000005960464,7.30000019073486,inches
315,SC,,210,,,227,"Montreal, Canada",Drawn and Quarterly,,2013-05-28,5.80000019073486,1.0,7.5,inches
316,HC,First Edition,210,,,292,"Montreal, Canada",Drawn and Quarterly,,2013-05-28,6.0,1.29999995231628,7.80000019073486,inches
317,SC,Revised Edition,211,,,198,"Montreal, Canada",Drawn and Quarterly,,2013-05-28,4.40000009536743,0.800000011920929,7.0,inches
318,SC,7th Edition,212,,,142,"Seattle, USA",Fantagraphics,,1993-01-17,7.59999990463257,0.5,11.0,inches
319,SC,Reprint Edition,213,,,89,"New York City, USA",Pantheon,,2011-01-18,7.90000009536743,0.400000005960464,5.5,inches
320,HC,First Edition,213,,,88,"New York City, USA",Pantheon,,2005-06-07,8.10000038146973,0.600000023841858,5.59999990463257,inches
321,SC,Gph Rep Edition,214,,,136,"New York City, USA",Pantheon,,2002-09-24,7.69999980926514,0.400000005960464,10.1999998092651,inches
322,HC,First Edition,214,,,116,"New York City, USA",Pantheon,,2000-09-12,7.90000009536743,0.699999988079071,10.5,inches
323,HC,First Edition,215,,,125,"Montreal, Canada",Drawn and Quarterly,,2005-12-13,6.19999980926514,0.800000011920929,8.10000038146973,inches
324,HC,First Edition,216,,,96,"Montreal, Canada",Drawn and Quarterly,,2009-05-26,12.1999998092651,0.699999988079071,14.3000001907349,inches
326,SC,,217,,,88,"Seattle, USA",Fantagraphics,,1996-06-01,7.80000019073486,0.200000002980232,7.19999980926514,inches
327,HC,First Edition,217,,,86,"Seattle, USA",Fantagraphics,,2008-04-17,8.30000019073486,0.600000023841858,7.80000019073486,inches
328,HC,,218,,,384,"San Diego, USA",IDW Publishing,,2011-01-24,6.69999980926514,1.39999997615814,9.80000019073486,inches
329,SC,,218,,,384,"New York, USA",DC Comics,,2003-04-01,5.5,1.0,8.0,inches
330,SC,First edition,219,,,296,"New York, USA",Paradox Press,,2004-12-01,5.5,0.800000011920929,8.0,inches
331,SC,Annotated Adition,220,,,224,"Berkeley, USA",Image Comics,,2008-11-25,6.59999990463257,0.5,10.1999998092651,inches
332,SC,Second Edition,221,,,224,"Marietta, Georgia, USA",Top Shelf Productions,,2003-05-04,4.59999990463257,0.600000023841858,7.19999980926514,inches
333,HC,,222,,,256,"New York City, USA",Pantheon,,2006-03-07,6.80000019073486,1.10000002384186,8.89999961853027,inches
334,SC,Reprint Edition,222,,,256,"New York City, USA",Pantheon,,2000-05-20,6.59999990463257,0.899999976158142,8.5,inches
335,SC,,223,,,188,"Minneapolis, USA",Graphic Universe,,2012-08-01,6.5,0.5,9.10000038146973,inches
336,HC,First Edition,224,,,122,"Montreal, Canada",Drawn and Quarterly,,2006-05-16,8.19999980926514,0.699999988079071,8.60000038146973,inches
337,SC,First edition,225,,,344,"Montreal, Canada",Drawn and Quarterly,,2012-09-04,6.80000019073486,1.20000004768372,8.39999961853027,inches
338,SC,,226,,,100,"Berkeley, USA",Soft Skull Press,,2006-10-10,8.30000019073486,0.200000002980232,11.6000003814697,inches
339,HC,,227,,,190,"San Diego, USA",Houghton Mifflin Harcourt,,2008-01-15,6.0,0.400000005960464,8.89999961853027,inches
340,SC,,227,,,192,London,Jonathan Cape,,2008-03-01,6.0,0.5,9.0,inches
343,SC,,229,,,614,"San Francisco, USA",VIZ Media,,2007-09-25,7.09999990463257,1.29999995231628,10.1000003814697,inches
347,HC,,233,,,156,"Minneapolis, USA",Uncivilized Books ,,2012-09-04,6.19999980926514,0.400000005960464,9.0,inches
348,SC,,234,,,221,"New York, USA",Square Fish,,2014-03-25,5.5,1.60000002384186,8.19999980926514,inches
349,HC,,234,,,221,"New York City, USA",First Second ,,2011-06-07,6.09999990463257,0.699999988079071,8.69999980926514,inches
350,HC,,235,,,120,"Montreal, Canada",Drawn and Quarterly,,2010-10-12,8.69999980926514,1.10000002384186,11.1000003814697,inches
351,HC,,237,,,176,"Los Angeles, USA",BOOM! Studios,,2012-10-01,9.0,0.899999976158142,11.8000001907349,inches
352,SC,,238,,,127,"New York, USA",Skyhorse Publishing,,2012-05-01,9.19999980926514,0.300000011920929,10.5,inches
353,SC,,239,,,200,"Seattle, USA",Fantagraphics,,2014-08-03,7.40000009536743,1.79999995231628,10.0,inches
354,SC,,240,,,189,"Seattle, USA",Fantagraphics,,2014-09-22,5.59999990463257,0.699999988079071,7.40000009536743,inches
355,SC,,241,,,136,"New York, USA",Marvel,,2016-07-05,6.80000019073486,0.200000002980232,10.1000003814697,inches
357,HC,,244,,,128,"Milwaukee, USA",Dark Horse,,2014-09-30,6.90000009536743,0.600000023841858,10.5,inches
358,SC,,245,,,224,"New York, USA",Marvel,,2005-12-28,6.69999980926514,0.400000005960464,10.1999998092651,inches
359,SC,,246,,,169,"Vancouver, Canada",Arsenal Pulp Press ,,2016-10-18,6.5,0.699999988079071,8.89999961853027,inches
360,HC,,247,,,267,"London, UK",SelfMadeHero ,,2013-03-19,6.5,1.20000004768372,9.5,inches
364,SC,2nd edition,248,,,350,"New York City, USA",Vertical,,2010-03-30,6.0,1.10000002384186,8.0,inches
365,SC,Reprint Edition,249,,,205,"New York, USA",Tor Books,,2011-01-18,6.69999980926514,0.5,10.1999998092651,inches
366,HC,,249,,,230,"New York, USA",Tor Books,,2011-01-01,6.90000009536743,1.0,10.1999998092651,inches
367,SC,,250,,,117,"New York, USA",Marvel,,2013-11-19,6.80000019073486,0.5,10.1999998092651,inches
368,SC,,251,,,102,"New York, USA",Marvel,,2015-10-20,6.59999990463257,0.200000002980232,10.1000003814697,inches
369,SC,Reprint edition,252,,,119,"New York, USA",Sterling,,2009-01-26,9.39999961853027,0.600000023841858,6.5,inches
370,HC,Collector´s edition,253,,,190,"New York, USA",First Second,,2008-09-02,6.59999990463257,0.899999976158142,8.5,inches
371,SC,1 Reprint Edition,253,,,208,"New York, USA",First Second,,2010-04-27,5.59999990463257,0.400000005960464,8.30000019073486,inches
372,SC,,254,,,123,"New York, USA",Dover Publications,,2015-04-15,8.19999980926514,0.5,10.8999996185303,inches
373,HC,1st edition,255,,,240,"New York, USA",Bantam,,2012-03-27,6.90000009536743,0.800000011920929,10.5,inches
374,SC,,255,,,,,,,2013-01-01,,,,
375,HC,1 edition,256,,,111,"New York, USA",Liveright,,2016-07-26,8.89999961853027,0.699999988079071,11.3000001907349,inches
376,HC,1 edition,257,,,148,"New York, USA",Liveright,,2014-08-25,8.80000019073486,0.899999976158142,11.1999998092651,inches
377,SC,1 edition,257,,,160,"New York, USA",Liveright,,2015-10-26,8.19999980926514,0.600000023841858,10.6000003814697,inches
378,HC,First Edition,41,,,224,"New York, USA",Marvel,,2008-12-24,7.0,0.800000011920929,10.5,inches
379,SC,,145,,,117,"Milwaukee, USA",Dark Horse ,,1995-10-17,10.1999998092651,0.300000011920929,6.69999980926514,inches
380,SC,,147,,,315,"London, UK",Penguin Books,,2016-12-01,6.69999980926514,0.899999976158142,9.19999980926514,
381,SC,,258,,,320,"New York, USA",W. W. Norton and Company,,2002-10-17,7.59999990463257,0.899999976158142,10.5,inches
382,HC,,258,,,300,"New York, USA",W. W. Norton and Company,,2002-10-21,8.0,1.0,11.8000001907349,inches
383,HC,,259,,,256,"London, UK",SelfMadeHero,,2015-10-06,7.90000009536743,1.20000004768372,10.6000003814697,inches
384,SC,,260,,,224,"Berkeley, USA",Image Comics,,2014-11-11,6.59999990463257,0.800000011920929,10.1000003814697,inches
385,HC,,260,,,,,El Capitan Books,,2001-01-01,,,,
386,SC,,261,,,424,"Berkeley, USA",Image Comics,,2012-03-20,7.5,1.20000004768372,10.3000001907349,inches
387,SC,,262,,,160,"San Diego, USA",IDW Publishing,,2012-12-25,6.0,0.600000023841858,9.0,inches
388,HC,,262,,,160,"San Diego, USA",IDW Publishing,,2009-07-28,6.40000009536743,0.699999988079071,9.19999980926514,inches
389,SC,,263,,,248,"New York, USA",Marvel,,2010-01-06,6.59999990463257,0.400000005960464,10.1999998092651,inches
390,HC,,263,,,400,"New York, USA",Marvel,,2004-01-01,8.0,1.0,12.0,inches
391,SC,1st edition,264,,,272,"New York, USA",HarperTeen,,2015-05-12,6.0,0.699999988079071,9.0,inches
392,HC,,264,,,272,"New York, USA",HarperTeen,,2015-05-12,6.0,0.899999976158142,9.0,inches
393,SC,,265,,,176,"New York, USA",First Second,,2016-10-04,6.80000019073486,0.5,8.60000038146973,inches
394,SC,Revised edition,266,,,1344,"Columbus, USA",Cartoon Books,,2004-09-01,6.5,2.20000004768372,9.0,inches
395,SC,,267,,,215,"New York, USA",HarperCollins Publishers Ltd,,1994-04-27,6.80000019073486,0.600000023841858,10.1999998092651,inches
396,HC,,268,,,128,"New York, USA",DC Comics,,2016-10-04,6.80000019073486,0.5,10.5,inches
397,SC,,268,,,128,"New York, USA",DC Comics,,2017-12-26,5.90000009536743,0.899999976158142,8.30000019073486,inches
401,SC,1st edition,271,,,386,"Seattle, USA",Fantagraphics,,2017-02-14,8.19999980926514,1.29999995231628,10.5,inches
412,SC,2nd Revised ed. edition,283,,,128,"Milwaukee, USA",Dark Horse,,2010-11-09,6.0,0.400000005960464,9.0,inches
413,SC,1St Edition edition,284,,,208,"Los Angeles, USA",TokyoPop,,2003-05-06,5.0,0.5,7.19999980926514,inches
417,SC,,286,,,156,"San Diego, USA",IDW Publishing,,2006-01-17,6.59999990463257,0.400000005960464,10.1000003814697,inches
420,SC,1st edition,288,,,168,"New York, USA",DC Comics,,1993-01-01,6.59999990463257,0.400000005960464,10.1000003814697,inches
421,SC,,289,,,192,"New York, USA",W. W. Norton and Company,,2006-12-17,7.09999990463257,0.600000023841858,10.0,inches
422,SC,,290,,,176,"New York, USA",DC Comics,,2019-11-12,,,,
423,HC,,290,,,176,"New York, USA",DC Comics,,2013-07-23,6.5,0.699999988079071,10.1000003814697,inches
424,SC,,291,,,176,"Townshend, USA",King Hell Press,,2013-06-01,6.59999990463257,0.400000005960464,9.89999961853027,inches
425,HC,Signed limited edition,291,,,,"Townshend, USA",King Hell Press,,1992-01-01,6.59999990463257,1.10000002384186,9.10000038146973,inches
426,HC,Deluxe edition,292,,,128,"Portland, USA",Image Comics,,2012-11-27,7.5,0.600000023841858,11.1000003814697,inches
427,SC,First printing edition,292,,,112,"New York, USA",Vertigo,,2000-05-01,6.59999990463257,0.200000002980232,10.1999998092651,inches
428,HC,Deluxe edition,293,,,366,"New York, USA",DC Comics,,2014-10-28,7.40000009536743,0.800000011920929,11.1999998092651,inches
429,SC,Reissue edition,294,,,500,"Kitchener, Canada",Aardvark-Vanheim,,1994-11-01,7.80000019073486,1.20000004768372,10.1999998092651,inches
430,HC,Gph edition,295,,,88,"Milwaukee, USA",Dark Horse,,1999-12-15,13.0,0.5,10.1000003814697,inches
434,HC,,112,,,96,"Milwaukee, USA",Dark Horse,,2013-12-24,9.60000038146973,0.800000011920929,6.59999990463257,inches
435,HC,,119,,,128,"New York City, USA",Levine Books,,2007-10-01,,,,
436,HC,,172,,,160,"New York City, USA",Bloomsbury USA,,2011-01-19,,,,
437,SC,,177,,,348,"New York City, USA",HarperCollins Publishers Ltd,,2015-01-01,,,,
438,SC,,120,,,280,"New York City, USA",Penguin Global,,2008-01-09,23.5,2.5,15.8999996185303,inches
439,HC,,35,,,147,"New York City, USA",Riverhead Books,,2015-01-01,,,,
440,SC,1,298,,,123,"New York City, USA",Avon Books,,1995-12-01,5.19999980926514,0.5,8.5,inches
441,HC,The Deluxe Edition,314,,,320,"New York City, USA",DC Comics,,2008-12-16,7.40000009536743,0.800000011920929,11.1999998092651,inches
442,SC,,307,,,224,"Burbank, USA",Vertigo,,2013-07-16,6.59999990463257,0.5,10.1999998092651,inches
443,SC,5,312,,,144,"Kendallville, USA",Marvel,,2018-01-01,6.80000019073486,0.400000005960464,10.1999998092651,inches
444,SC,6,315,,,141,"Seattle, USA",Fantagraphics,,1985-12-27,8.5,0.400000005960464,10.8999996185303,inches
445,HC,5,312,,,144,"Kendallville, USA",Marvel,,2007-01-03,,,,
446,HC,,307,,,224,"Burbank, USA",Vertigo,,2011-02-01,7.0,0.699999988079071,10.5,
447,SC,,314,,,320,"New York City, USA",DC Comics,,2013-07-30,6.59999990463257,0.5,10.1000003814697,
448,HC,,315,,,144,"Seattle, USA",Fantagraphics,,1985-10-01,8.80000019073486,0.5,11.1999998092651,inches
449,SC,3,300,,,208,"Milwaukie, USA",Dark Horse,,2010-10-19,,,,
450,HC,3,300,,,216,"Milwaukie, USA",Dark Horse,,2014-07-08,6.90000009536743,0.800000011920929,10.5,inches
452,SC,first,308,,,592,"Kitchener, Canada",Aardvark-Vanaheim,,1987-06-01,7.19999980926514,1.20000004768372,9.80000019073486,inches
455,HC,BOOM! Studios Edition / 1st edition,329,,,304,"Los Angeles, USA",BOOOM! Studios,,2015-05-01,16.7999992370605,2.29999995231628,25.8999996185303,cm
456,SC,Crimson # 1-2,329,,,304,"Los Angeles, USA",BOOM! Studios,,2015-08-26,,,,
468,HC,Elric Vol.1: Elric of Melnibone,332,,,176,"London, UK",Titan Comics,,2015-04-28,17.7999992370605,1.89999997615814,26.5,cm
469,SC,,333,,,392,"New York City, USA",HarperCollins Publishers Ltd,,1991-08-14,18.2000007629395,2.59999990463257,23.2999992370605,cm
470,HC,1st,334,,,128,"New York City, USA",Penguin Books,,1995-11-27,21.7999992370605,1.5,27.3999996185303,cm
471,SC,Paperback,304,,,90,"New York City, USA",DC Comics,,1997-10-01,16.7999992370605,0.600000023841858,26.0,cm
472,SC,Second Printing,335,,,112,"Marietta, USA",Top Shelf Productions,,2001-07-02,15.1999998092651,1.29999995231628,22.8999996185303,cm
473,SC,Death of the Endless #2,303,,,95,"New York City, USA",DC Comics,,1997-12-01,16.7999992370605,0.400000005960464,25.7999992370605,cm
474,SC,Fully Remastered Edition,299,,,192,"Burbank, USA",Vertigo,,2011-02-01,17.0,1.0,25.8999996185303,
475,SC,,301,,,72,"New York City, USA",W. W. Norton and Company,,2009-07-27,18.0,0.800000011920929,25.3999996185303,cm
476,SC,The New York Tetralogy #4,302,,,115,"New York City, USA",W. W. Norton and Company,,2007-12-17,18.0,1.29999995231628,25.3999996185303,cm
477,SC,25th Anniversary Edition,313,,,232,"Burbank, USA",DC Comics,,2014-11-11,16.8999996185303,0.899999976158142,25.8999996185303,cm
